============================================================================================================================================
ORB INDICATOR ANALYSIS -- EVERY BREAKOUT DAY WITH INDICATOR VALUES
MNQ 2020-2024 | 289 total breakouts | 5-min bars | 15-min opening range (9:30-9:45 ET)
============================================================================================================================================

############################################################################################################################################
# YEAR 2020 -- 69 BREAKOUTS
############################################################################################################################################

--- ALL BREAKOUT DAYS 2020 ---
Date         Side     RangeH   RangeL  RngWid   BOPrice                 BOTime |    MFE    MAE  EndExc  MFE/R |    ATR    ADX    RSI     ROC     MOM     CCI   WillR   MACDh  BBwid   BB%B   VolR    CLV    MFI   NATR  StochK  StochD  AroonO    DMP    DMN
------------------------------------------------------------------------------------------------------------------------------------------------------------------------------------------------------------------------------------------------
2020-03-09   SHORT   7962.00  7912.25   49.75   7864.00               11:00:00 |   48.5  176.0  -175.8   0.97 |   42.0   27.0   32.1   -0.87   -68.8  -120.2   -96.6   -8.56    3.3    0.1    0.4   -0.6   20.2    0.5    11.6    15.4     -48   75.3  206.5
2020-03-11   LONG    8033.25  7993.00   40.25   8048.00               11:05:00 |   60.2    7.8   +20.8   1.50 |   35.4   11.8   59.1    0.72    57.8   100.8   -21.5    4.72    1.8    0.8    0.9    0.8   12.1    0.4    52.1    50.3      24   94.0   84.7
2020-03-12   SHORT   7223.75  7131.75   92.00   7100.00               11:15:00 |   41.5  147.0   -60.8   0.45 |   51.0   23.6   24.3   -1.70  -122.8   -94.8   -99.2   -4.95    5.4    0.1    0.2   -0.9    3.6    0.7     4.3     6.9     -88   95.4  225.0
2020-03-23   LONG    7031.50  6953.00   78.50   7049.00               11:00:00 |   75.0    8.2   +60.0   0.96 |   56.0   17.8   59.5    0.79    55.2   148.0   -18.9    8.00    3.1    0.9    0.8    0.0   82.8    0.8    72.1    71.4      56  257.6  110.4
2020-03-24   LONG    7569.25  7513.25   56.00   7579.50               11:10:00 |   54.0   32.8   -10.5   0.96 |   36.3   12.4   65.2    0.49    36.8   118.6    -4.0    0.36    1.6    0.9    1.1    0.7   86.0    0.5    85.4    83.8     100  117.6   88.7
2020-03-25   LONG    7482.25  7449.25   33.00   7528.50               11:00:00 |    2.2   69.0   -65.2   0.07 |   43.3   40.3   46.2    0.89    66.8   -28.4   -62.6   -0.31    5.0    0.4    0.7    0.6    7.2    0.6    23.1    16.3     -40  107.9  153.0
2020-03-30   LONG    7860.00  7847.25   12.75   7865.75               11:20:00 |   20.2   14.0    -6.2   1.59 |   19.6    9.0   58.8    0.15    12.0   136.6   -15.5   -0.19    0.3    0.8    0.3    0.9   45.9    0.2    70.0    62.0      20   42.7   39.3
2020-03-31   SHORT   7790.00  7756.50   33.50   7752.25               11:00:00 |   45.0    4.8   +12.0   1.34 |   22.1   31.0   36.7   -0.38   -29.8  -133.0   -96.6    1.07    0.9    0.1    1.4   -0.8   73.4    0.3    22.2    33.1     -16   33.5   81.8
2020-04-01   LONG    7467.00  7439.25   27.75   7486.50               11:00:00 |   30.2   15.2   -11.0   1.09 |   20.8   21.7   56.5    0.25    18.5   149.5   -11.7    6.26    1.0    1.0    1.7    0.6   86.4    0.3    71.7    67.2     -44   83.7   52.0
2020-04-07   SHORT   8020.00  7993.25   26.75   7987.25               11:10:00 |    8.0   26.0   -19.2   0.30 |   29.3   26.6   35.5   -0.36   -29.2   -80.7   -96.2    0.17    2.3    0.2    1.0   -0.5   13.0    0.4     9.1     9.4     -52   72.0  116.8
2020-04-08   SHORT   8207.00  8188.75   18.25   8167.50               11:00:00 |    2.8   24.2    -6.0   0.15 |   19.7   12.9   40.9   -0.54   -44.5  -207.1   -88.7   -3.97    0.6   -0.2    1.2   -0.5   38.3    0.2    34.6    43.4       8   51.0   80.4
2020-04-22   SHORT   8639.25  8629.25   10.00   8620.25               11:00:00 |   14.5   14.8   +10.5   1.45 |   14.3   29.8   33.0   -0.33   -28.2   -87.4   -94.0   -4.32    1.0    0.1    1.3   -0.7   37.1    0.2    12.1    13.2     -44   25.3   54.2
2020-04-28   LONG    8720.00  8696.75   23.25   8766.75               11:00:00 |    8.5   39.8   -26.2   0.37 |   24.8   26.2   63.6    1.16   100.2   215.0    -5.8    5.46    1.0    1.1    1.3    0.6   57.3    0.3    75.4    71.1      44  103.4   68.7
2020-04-30   SHORT   8952.75  8850.00  102.75   8825.75               11:00:00 |   22.8   13.0    -3.8   0.22 |   32.9   31.3   30.0   -1.74  -156.5  -174.3   -96.3  -11.30    2.0   -0.0    0.5   -0.6   38.2    0.4    10.0    10.5     -40   48.3  159.3
2020-05-07   LONG    9124.00  9100.75   23.25   9125.00               11:25:00 |   12.8   21.0    -9.2   0.55 |   13.5   27.4   65.6    0.09     8.2    82.8    -5.1    1.39    0.7    0.8    1.0    0.8   78.0    0.1    84.5    79.0      80   33.3   45.6
2020-05-11   LONG    9286.25  9256.75   29.50   9288.25               11:00:00 |   23.0    5.5    +3.0   0.78 |   16.4   40.2   47.6    0.02     1.5   -28.8   -46.4   -0.92    0.8    0.4    0.8    0.4   44.2    0.2    46.7    44.1     -44   28.7   59.4
2020-05-12   SHORT   9087.00  9035.25   51.75   9022.50               12:35:00 |   31.5   16.2   -10.0   0.61 |   20.6   67.6   26.1   -0.27   -24.5  -232.9   -85.6    3.74    0.5   -0.2    3.4   -0.5   17.5    0.2    34.0    42.0    -100   12.6   89.0
2020-05-13   LONG    9015.75  8992.00   23.75   9027.00               11:00:00 |    3.2   34.0    -6.0   0.14 |   28.0   21.8   63.5    0.59    52.8    95.9    -3.7    5.02    1.8    0.8    0.8    0.6   65.5    0.3    92.6    90.5      64   89.5   60.7
2020-05-14   LONG    9092.25  9058.25   34.00   9101.50               12:30:00 |   18.5   16.8    +7.8   0.54 |   15.7   10.6   68.7    0.29    26.0   233.2   -13.1   -0.95    0.3    1.2    3.0    0.5   67.7    0.2    87.0    78.9      96   46.2   32.2
2020-05-18   LONG    9327.25  9303.00   24.25   9333.00               11:00:00 |   16.0   17.8    +9.0   0.66 |   19.5   35.6   51.7    0.14    13.0   -17.8   -45.0   -0.65    0.6    0.5    1.1    0.9   20.9    0.2    42.5    39.5      32   22.7   68.2
2020-05-19   LONG    9303.25  9274.75   28.50   9304.25               11:15:00 |   15.8   32.2   +13.5   0.55 |   22.9   63.5   42.2    0.06     5.8   -22.7   -23.9    2.39    1.1    0.5    1.0    0.7   23.5    0.2    44.1    29.4     -80   32.2   96.2
2020-05-20   LONG    9495.00  9482.25   12.75   9496.25               11:00:00 |    4.5   26.5   -10.2   0.35 |   18.6   25.1   62.5    0.17    16.0   130.4   -12.8    0.75    0.4    0.8    1.4    0.0   61.1    0.2    91.8    93.6      96   33.4   43.9
2020-05-21   LONG    9364.00  9354.75    9.25   9367.25               11:00:00 |   25.2   16.2   +20.8   2.73 |   18.4   54.0   42.5   -0.11   -10.8   -91.7   -52.8   -0.78    0.8    0.3    1.0    1.0   31.9    0.2    33.1    28.2     -68   13.7   96.5
2020-05-26   SHORT   9414.00  9391.50   22.50   9390.50               12:35:00 |   26.0   17.0    +2.2   1.16 |   13.7   51.3   39.7   -0.12   -11.2  -117.5   -65.7   -0.06    0.3    0.1    1.0   -0.2   43.5    0.1    44.8    45.5     -60   16.3   68.3
2020-05-27   SHORT   9448.75  9426.50   22.25   9425.00               11:10:00 |   30.2   14.5   -11.8   1.36 |   21.0   18.9   55.6   -0.03    -3.0     7.1   -56.9   -3.81    0.7    0.5    0.6    0.8   81.2    0.2    54.3    68.5      72   35.3   39.5
2020-06-01   SHORT   9599.00  9579.50   19.50   9570.50               11:45:00 |   38.0    8.8    +6.0   1.95 |   19.1   71.3   32.6   -0.25   -23.8  -303.7   -51.8   -2.01    0.3   -0.3    2.6    0.2   22.6    0.2    53.1    64.1     -76    6.1   99.3
2020-06-03   LONG    9689.50  9667.00   22.50   9697.25               12:25:00 |   10.2   36.8   -11.2   0.46 |   16.1   51.4   62.4    0.20    19.5   127.0    -3.1    2.39    0.3    1.0    1.9    0.9   67.0    0.2    95.7    93.7      68   26.9   62.1
2020-06-04   SHORT   9648.00  9621.25   26.75   9618.25               11:25:00 |    7.2   24.2   -17.8   0.27 |   22.3   40.5   42.7   -0.25   -23.8    -3.3   -76.4   -0.59    0.6    0.3    1.0   -0.8   56.1    0.2    46.9    61.4      64   29.9   65.1
2020-06-08   LONG    9887.50  9860.00   27.50   9893.25               13:05:00 |    2.0   49.2   -28.2   0.07 |   17.1   55.0   65.1    0.08     7.8   166.7   -10.2    0.52    0.2    1.2    3.1    0.7   74.3    0.2    85.5    81.1      64   19.8   59.4
2020-06-10   LONG   10094.00 10064.25   29.75  10098.00               11:00:00 |    9.0   68.0   -39.2   0.30 |   30.8   17.6   50.6    0.24    23.8   -38.4   -55.6   -1.80    1.0    0.4    0.6    0.9   17.2    0.3    37.6    35.8      32   48.6   58.5
2020-06-15   LONG    9802.25  9788.50   13.75   9815.25               11:00:00 |    7.8   27.5   -11.2   0.56 |   17.9   35.6   72.1    0.50    49.2   109.5    -6.7    2.11    1.1    0.9    1.8    0.6   98.3    0.2    94.7    95.6      56   75.9   25.0
2020-06-16   SHORT   9960.00  9953.00    7.00   9942.00               11:00:00 |   23.0   28.0   -26.0   3.29 |   18.9   13.1   51.5   -0.00    -0.2    41.7   -26.9    2.57    1.1    0.6    0.9   -0.4   65.7    0.2    86.6    90.3      44   50.9   59.2
2020-06-17   SHORT   9993.00  9973.75   19.25   9970.50               11:15:00 |    4.2   27.2   -19.2   0.22 |   14.4   37.6   39.7   -0.10    -9.8   -48.0   -68.2    1.20    0.4    0.3    0.6   -0.4   79.9    0.1    58.3    68.3     -44   18.6   62.7
2020-06-29   LONG    9997.25  9968.25   29.00   9998.25               11:15:00 |   10.0    6.0    -4.0   0.34 |   12.9   32.2   73.7    0.25    24.5    78.2    -2.2    2.09    1.4    0.8    0.8    0.8   94.8    0.1    92.3    89.4      88   62.6   28.1
2020-07-02   LONG   10357.50 10347.00   10.50  10358.25               11:15:00 |    5.0    6.8    -3.0   0.48 |    9.7   32.1   47.9    0.02     2.2    30.1    -5.3    1.83    0.5    0.6    0.3    0.1   39.5    0.1    86.5    74.5     -44   20.3   35.5
2020-07-07   LONG   10531.00 10522.25    8.75  10537.25               11:00:00 |   11.0    2.2    +8.5   1.26 |   13.8   45.0   43.1    0.20    20.8   -29.1   -56.4    1.97    0.8    0.4    0.7    0.7   28.0    0.1    33.1    29.0     -48   28.6   47.1
2020-07-08   LONG   10672.50 10660.50   12.00  10680.75               11:00:00 |    5.0   14.2   -10.5   0.42 |   13.6   33.0   72.3    0.25    26.5   134.0   -21.7    1.32    0.7    0.9    1.2   -0.4   87.2    0.1    90.2    92.6      92   66.4   16.9
2020-07-09   LONG   10729.50 10721.75    7.75  10732.00               11:00:00 |    5.0    2.2    +0.0   0.65 |   15.1   17.3   53.2   -0.08    -9.0   -13.2   -53.2   -2.32    0.5    0.5    0.5    0.6   53.9    0.1    46.1    47.2     -12   48.4   36.2
2020-07-13   LONG   10610.00 10594.25   15.75  10632.25               11:00:00 |   15.2    4.0   +13.5   0.97 |   31.5   57.3   40.9    0.31    33.2   -21.0   -48.8   11.18    2.2    0.5    0.7    0.9   51.1    0.3    33.7    25.3     -48   71.0  144.7
2020-07-14   LONG   10652.50 10636.00   16.50  10718.25               11:00:00 |    9.0   19.5    -2.8   0.55 |   26.4   27.5   71.8    0.42    45.2   170.9   -16.8    2.94    1.5    1.0    1.5    0.2   70.6    0.2    65.8    63.2      72  162.6   47.9
2020-07-16   LONG   10536.75 10522.00   14.75  10541.50               11:10:00 |   24.8    3.8   +23.0   1.68 |   18.2   32.7   43.5    0.01     1.5   -46.2   -68.2   -2.05    1.6    0.4    0.3    0.9   26.4    0.2    23.2    19.9     -28   36.5   70.6
2020-07-20   LONG   10954.25 10945.50    8.75  10956.50               11:05:00 |    5.0   24.8   -13.2   0.57 |   10.9   70.7   74.4    0.15    16.2    94.1   -51.4   -2.76    0.4    0.8    0.3    0.8   53.4    0.1    43.0    47.0      96   64.3    9.5
2020-07-21   LONG   10855.00 10843.50   11.50  10857.25               11:30:00 |   26.0   -0.2   +17.5   2.26 |   13.1   18.4   51.8    0.03     2.8    83.3   -12.3    2.73    0.5    0.7    0.3    0.2   43.6    0.1    77.2    79.5     -32   36.5   40.2
2020-07-22   SHORT  10867.00 10824.50   42.50  10823.00               12:55:00 |   17.0   17.0    +4.0   0.40 |    9.8   18.8   38.5   -0.20   -21.8  -136.4   -83.4   -2.20    0.3    0.0    2.0   -0.1   15.0    0.1    17.2    23.2     -80   16.8   46.0
2020-07-28   LONG   10549.75 10539.00   10.75  10568.25               11:00:00 |    6.0   14.8    -7.5   0.56 |   14.1   32.8   54.5    0.41    42.8   138.0   -11.0    5.16    0.5    0.9    0.9    0.2   43.0    0.1    74.9    63.5     -60   48.9   40.0
2020-08-06   SHORT  11265.00 11254.00   11.00  11249.75               11:15:00 |    2.5   10.0    -2.2   0.23 |    9.5   29.4   51.1   -0.10   -10.8   -70.6   -75.3   -3.30    0.2    0.3    0.5   -0.7   83.4    0.1    54.1    65.6     -24   21.7   25.9
2020-08-11   LONG   10915.75 10884.50   31.25  10938.25               11:00:00 |    8.0   18.2   -13.8   0.26 |   22.2   37.4   52.8    0.64    69.5   102.5    -7.7    8.88    1.0    0.8    0.9    0.3   38.8    0.2    75.2    63.9     -40   81.5   65.2
2020-08-13   LONG   11184.50 11174.75    9.75  11188.25               11:00:00 |    9.2    7.8    +8.8   0.95 |   13.5   19.2   55.1    0.16    18.2   100.8   -16.8    2.71    0.3    0.8    0.8    0.1   32.8    0.1    68.5    63.3      36   36.1   29.5
2020-08-17   SHORT  11293.00 11287.25    5.75  11286.00               11:00:00 |    3.0    8.8    -6.8   0.52 |    6.7   15.3   49.5    0.02     1.8   -43.6   -59.8   -0.80    0.2    0.4    0.5    0.2   23.2    0.1    43.6    48.0     -16   15.7   18.1
2020-08-19   SHORT  11329.75 11317.00   12.75  11314.75               12:05:00 |   33.5    1.5   +32.5   2.63 |    8.4   31.5   34.9   -0.13   -14.8  -186.7   -87.1    0.71    0.1   -0.0    1.4   -0.0   50.6    0.1    14.2    27.3      -4   14.4   34.3
2020-08-24   LONG   11639.00 11628.75   10.25  11639.25               11:00:00 |    2.5    5.8    -3.8   0.24 |   11.7   23.3   65.8    0.11    13.0    78.9    -8.8    2.21    0.8    0.8    0.8    0.1   80.2    0.1    85.7    84.4      76   46.5   23.0
2020-08-26   SHORT  12002.00 11982.75   19.25  11974.75               11:00:00 |   13.5    1.8    +6.2   0.70 |   14.6   25.4   56.4    0.08     9.8    39.4   -41.4   -0.03    0.8    0.6    0.5   -0.6   70.9    0.1    69.0    76.5      64   51.1   42.9
2020-08-31   LONG   12121.25 12100.25   21.00  12125.25               11:05:00 |    0.2   32.2   -17.5   0.01 |   15.7   19.8   52.7    0.24    28.8    16.4   -48.2    0.24    0.6    0.6    0.4    0.9   32.1    0.1    42.4    34.6      -8   47.7   50.6
2020-09-02   SHORT  12416.00 12406.00   10.00  12404.50               11:00:00 |    4.5   18.0   -15.2   0.45 |   13.3   13.0   50.7   -0.05    -6.2   -90.6   -82.8   -3.50    0.3    0.2    0.4   -0.4   33.7    0.1    26.4    35.9      48   31.5   35.4
2020-09-09   LONG   11399.00 11367.25   31.75  11404.50               11:15:00 |   43.2    0.0   +36.0   1.36 |   22.7   14.3   51.4    0.07     7.5    -1.0   -48.1    1.33    1.1    0.5    0.4    0.9   24.7    0.2    44.3    37.8     -24   60.1   57.5
2020-09-10   LONG   11187.75 11162.00   25.75  11198.25               11:00:00 |   25.2    2.0    +9.8   0.98 |   35.1   30.4   51.6    0.37    41.5   140.2   -17.4    9.40    0.9    0.9    0.9    0.0   52.9    0.3    63.3    60.2     -20   93.7   82.0
2020-09-14   LONG   11274.75 11256.00   18.75  11278.50               11:00:00 |   26.2    2.8   +17.0   1.40 |   19.6   13.2   56.1    0.15    17.2    57.6   -54.9   -0.41    0.6    0.7    1.4    0.6   50.2    0.2    26.5    28.1      40   63.3   45.8
2020-09-15   LONG   11454.25 11442.50   11.75  11459.50               11:00:00 |    3.5   13.2    -5.5   0.30 |   16.9   24.6   61.5    0.30    34.8    84.1    -3.5    4.93    1.1    0.8    1.1    0.4   73.0    0.1    91.4    89.6      52   63.1   40.9
2020-09-16   LONG   11267.25 11234.50   32.75  11268.50               11:05:00 |   21.0    1.8    +8.5   0.64 |   23.7   20.9   45.2    0.27    30.5    30.3   -45.0    4.84    0.7    0.6    0.5    0.3   41.7    0.2    45.1    41.5     -60   68.0   73.3
2020-09-21   SHORT  11009.00 10984.00   25.00  10975.50               11:00:00 |   12.8   10.0    -2.5   0.51 |   23.5   41.1   64.0    0.11    11.8    33.6   -26.1   -0.25    2.1    0.6    1.0    0.9   93.0    0.2    85.2    92.4      88   95.8   68.9
2020-09-22   SHORT  11159.75 11144.75   15.00  11127.50               11:15:00 |   33.0   29.5   +26.2   2.20 |   15.9   24.0   43.5   -0.19   -21.2  -157.1   -97.6   -4.96    0.4   -0.1    1.3   -0.9   17.8    0.1    19.5    23.3      36   46.4   51.1
2020-09-28   LONG   11404.50 11389.75   14.75  11407.00               11:35:00 |    9.5   14.5    +5.5   0.64 |   12.4   23.0   69.9    0.07     8.0    83.8   -22.0   -1.32    0.7    0.8    1.0    0.2   58.3    0.1    79.0    83.6      88   52.1   25.3
2020-10-01   SHORT  11587.50 11569.50   18.00  11561.50               11:05:00 |    7.0   43.2   -27.2   0.39 |   15.5   15.6   47.0   -0.11   -13.0   -15.8   -61.5   -1.54    0.4    0.4    0.6   -0.6   65.6    0.1    52.4    61.3     -28   41.0   40.9
2020-10-05   LONG   11477.00 11466.00   11.00  11481.00               11:00:00 |   10.2   29.2   -23.0   0.93 |   11.2   20.2   60.6   -0.07    -8.5   -12.3   -51.2   -2.53    0.3    0.6    0.8    0.9   48.2    0.1    21.7    12.5      60   39.0   24.7
2020-10-20   LONG   11678.25 11624.50   53.75  11692.75               11:00:00 |   18.8   28.5   +14.0   0.35 |   28.1   24.1   52.7    0.25    29.5    91.1   -27.3    3.37    0.7    0.8    0.7    0.6   34.3    0.2    47.8    38.0     -64   99.8   97.4
2020-10-21   SHORT  11695.75 11678.00   17.75  11677.00               11:00:00 |   15.2   24.5    -1.5   0.86 |   19.3   18.5   43.6    0.21    24.5   -57.9   -57.4   -1.21    0.7    0.3    0.5   -0.4   46.5    0.2    42.4    39.6     -48   37.3   61.3
2020-10-26   LONG   11502.00 11492.00   10.00  11505.00               11:00:00 |    3.8    8.2    -6.5   0.38 |   18.0   20.7   63.5    0.09    10.0    73.2    -8.9    1.20    1.0    0.8    0.6    0.5   78.9    0.2    85.1    83.0      60   71.3   40.8
2020-10-28   LONG   11194.25 11162.75   31.50  11196.00               11:30:00 |    5.5   29.2   -17.2   0.17 |   19.7   11.5   52.1    0.13    14.2    84.4    -3.9    3.50    0.7    0.8    0.5    0.5   82.7    0.2    90.0    86.4     -20   53.6   50.0
2020-10-29   SHORT  11342.75 11220.75  122.00  11218.75               11:00:00 |   42.0    3.0    +4.8   0.34 |   37.1   36.4   31.0   -0.94  -106.2  -126.3   -94.2  -15.94    2.7    0.1    0.6    0.1   42.5    0.3    10.4    14.5    -100   70.1  211.7

--- 2020 INDICATOR RANGES AT BREAKOUT (Min / Max across all 69 breakout days) ---
Indicator                    |          Min |          Max |         Mean |       Median |          Std
----------------------------------------------------------------------------------------------------
ATRr_14                      |       6.6667 |      55.9735 |      20.8069 |      18.5980 |       9.8310
ADX_14                       |       8.9773 |      71.3306 |      29.4193 |      26.1579 |      14.9543
rsi                          |      24.3110 |      74.4334 |      51.4801 |      51.6711 |      12.3575
roc                          |      -1.7423 |       1.1568 |       0.0465 |       0.0870 |       0.4621
mom                          |    -156.5000 |     100.2500 |       5.1993 |       9.7500 |      40.4949
MACD_12_26_9                 |     -74.0823 |      42.6717 |      -2.8256 |      -1.3151 |      19.4705
MACDh_12_26_9                |     -15.9351 |      11.1800 |       0.4405 |       0.3566 |       4.3158
MACDs_12_26_9                |     -70.4430 |      42.9255 |      -3.2661 |      -1.4068 |      19.4237
cci                          |    -303.6599 |     233.1880 |      11.1439 |      16.3518 |     112.9503
willr                        |     -99.1935 |      -2.1807 |     -43.4054 |     -46.4029 |      31.7252
BBU_20_2.0_2.0               |    7060.3451 |   12432.5886 |   10091.7445 |   10377.9979 |    1364.8360
BBM_20_2.0_2.0               |    6953.3625 |   12415.2000 |   10043.0518 |   10354.0000 |    1377.5558
BBL_20_2.0_2.0               |    6846.3799 |   12397.8114 |    9994.3591 |   10330.0021 |    1391.2822
bb_width                     |       0.1472 |       5.4063 |       1.0353 |       0.7360 |       0.9976
bb_pct_b                     |      -0.2949 |       1.1976 |       0.5410 |       0.5885 |       0.3535
STOCHk_14_3_3                |       4.2736 |      95.6617 |      54.1151 |      52.1344 |      27.0961
STOCHd_14_3_3                |       6.8552 |      95.5923 |      54.0401 |      60.1703 |      26.4040
mfi                          |       3.5765 |      98.3357 |      50.4376 |      48.2219 |      24.6325
natr                         |       0.0591 |       0.7941 |       0.2205 |       0.1760 |       0.1398
obv                          | -807673.0000 |  743618.0000 |  -30608.5217 |   62581.0000 |  425554.3350
AROONU_25                    |       0.0000 |     100.0000 |      48.6957 |      48.0000 |      36.6539
AROOND_25                    |       0.0000 |     100.0000 |      43.4203 |      40.0000 |      32.5560
AROONOSC_25                  |    -100.0000 |     100.0000 |       5.2754 |      -8.0000 |      59.1767
DMP_14                       |       6.1014 |     257.5615 |      55.2458 |      48.2809 |      38.7619
DMN_14                       |       9.4935 |     224.9554 |      66.2401 |      57.5393 |      44.1303
vol_ratio                    |       0.2442 |       3.4489 |       0.9822 |       0.7967 |       0.6568
clv                          |      -0.9126 |       0.9571 |       0.2135 |       0.3187 |       0.5749
range_width                  |       5.7500 |     122.0000 |      26.2500 |      21.0000 |      21.8433
range_pct                    |       0.0509 |       1.2817 |       0.2800 |       0.2226 |       0.2611

--- 2020 BREAKOUT MAGNITUDE ---
Metric                       |          Min |          Max |         Mean |       Median
-------------------------------------------------------------------------------------
mfe                          |         0.25 |        75.00 |        17.89 |        12.75
mae                          |        -0.25 |       176.00 |        22.30 |        16.25
mfe_30                       |         0.00 |        75.00 |        15.59 |        10.25
mae_30                       |        -0.25 |       137.50 |        17.07 |        10.75
end_excursion                |      -175.75 |        60.00 |        -5.33 |        -3.75
mfe_range_ratio              |         0.01 |         3.29 |         0.80 |         0.56
mfe_mae_ratio                |         0.01 |        99.00 |         5.27 |         0.74

############################################################################################################################################
# YEAR 2021 -- 52 BREAKOUTS
############################################################################################################################################

--- ALL BREAKOUT DAYS 2021 ---
Date         Side     RangeH   RangeL  RngWid   BOPrice                 BOTime |    MFE    MAE  EndExc  MFE/R |    ATR    ADX    RSI     ROC     MOM     CCI   WillR   MACDh  BBwid   BB%B   VolR    CLV    MFI   NATR  StochK  StochD  AroonO    DMP    DMN
------------------------------------------------------------------------------------------------------------------------------------------------------------------------------------------------------------------------------------------------
2021-03-15   SHORT  13082.25 13068.75   13.50  13068.00               11:05:00 |   12.5    9.8    +6.5   0.93 |   12.0   52.2   67.0   -0.06    -7.8    46.9   -28.0   -1.13    1.0    0.6    0.2   -0.9   89.2    0.1    79.5    82.7      32   59.1   16.1
2021-03-16   LONG   13155.75 13145.25   10.50  13164.00               11:00:00 |   10.0    7.0    +2.0   0.95 |   16.2   15.8   55.0    0.19    24.8    75.3   -36.5    2.52    0.3    0.8    0.7    0.8   32.0    0.1    45.9    36.6      44   49.8   38.6
2021-03-17   LONG   13190.25 13170.25   20.00  13203.75               11:00:00 |    7.0   25.2   -11.8   0.35 |   23.6   20.6   59.2    0.08    10.8     2.8   -20.2   -6.44    0.7    0.6    1.0    0.9   35.8    0.2    38.9    26.9      20   95.4   58.5
2021-03-24   LONG   12805.00 12792.75   12.25  12806.00               11:05:00 |    9.2   24.5    +6.0   0.76 |   15.8   46.5   36.6    0.11    14.2   -36.6   -67.3    3.41    0.9    0.4    0.5    0.6   27.3    0.1    25.2    19.0     -56   29.3   56.8
2021-03-29   LONG   12973.75 12960.25   13.50  12977.50               11:00:00 |    6.5   12.0    -7.2   0.48 |   17.5   10.4   60.2    0.17    21.5   113.5    -6.4    0.82    0.4    0.9    0.7    0.5   56.6    0.1    79.6    74.8      88   53.9   36.8
2021-03-30   SHORT  12895.50 12881.50   14.00  12876.75               11:00:00 |   18.2    1.5    +8.8   1.30 |   15.4   11.5   46.8   -0.15   -18.8   -76.1   -43.9   -1.75    0.3    0.2    0.8   -0.7   48.3    0.1    61.8    63.5     -16   35.6   42.1
2021-04-01   LONG   13333.00 13322.00   11.00  13333.75               11:00:00 |    2.0    8.2    +1.2   0.18 |    9.5   32.0   68.0    0.15    19.5    82.5    -0.6    1.25    0.5    0.8    0.6    1.0   93.0    0.1    90.8    89.6      68   33.9   10.2
2021-04-07   LONG   13624.00 13614.50    9.50  13625.75               11:25:00 |    3.5   11.0    -7.8   0.37 |    8.5   15.4   58.7    0.03     4.0    79.0   -20.0    0.52    0.3    0.8    0.4    0.4   79.2    0.1    80.1    81.8     -24   29.4   17.3
2021-04-19   LONG   13897.25 13887.75    9.50  13899.50               11:00:00 |   12.8    3.2   +10.2   1.34 |   13.0   16.1   58.9   -0.03    -4.5    89.3   -16.2    1.44    0.4    0.8    0.7   -0.3   79.3    0.1    77.2    75.1      24   43.0   27.9
2021-04-20   LONG   13748.00 13728.00   20.00  13749.50               11:05:00 |    5.5    6.8    -2.8   0.28 |   15.4   24.1   44.9   -0.03    -3.8   -45.9   -75.8   -2.02    0.8    0.4    0.4    0.7   20.5    0.1    17.4    12.1     -28   36.4   53.1
2021-04-28   LONG   13993.50 13932.50   61.00  13994.00               14:05:00 |   36.2   -0.2   +26.5   0.59 |    7.0   38.5   70.5    0.12    17.0   101.2   -13.0    0.54    0.3    0.9    0.8    0.9   72.4    0.0    80.9    83.0      88   30.3   12.8
2021-04-29   SHORT  13953.50 13938.00   15.50  13935.75               11:05:00 |   10.2    2.0    +7.0   0.66 |   12.6   15.6   43.3   -0.25   -35.5  -137.1   -94.0   -3.20    0.2    0.1    0.4   -0.6   34.6    0.1    12.3    13.5     -84   35.8   36.8
2021-05-04   SHORT  13524.00 13516.25    7.75  13511.00               11:05:00 |    0.5   14.8   -11.5   0.06 |   15.8   22.7   55.4   -0.15   -20.8    26.5   -48.8   -1.39    0.7    0.6    0.7   -0.4   76.4    0.1    58.1    61.3      28   60.2   37.5
2021-05-11   LONG   13324.75 13310.00   14.75  13327.25               11:05:00 |    8.2   22.0   -17.2   0.56 |   18.2   10.0   51.5   -0.05    -7.2    -8.7   -62.9   -0.81    0.5    0.5    0.4    0.6   80.3    0.1    38.8    36.0      -8   53.9   47.5
2021-05-12   LONG   12999.00 12962.25   36.75  13000.25               11:10:00 |   21.8   13.2   +18.8   0.59 |   20.8   16.3   51.8    0.13    17.2    52.9   -36.5    2.83    0.5    0.7    0.3    0.4   56.7    0.2    47.4    30.6     -48   62.4   58.7
2021-05-18   LONG   13219.00 13178.00   41.00  13219.50               12:05:00 |    3.8   63.0   -47.5   0.09 |   11.5   35.5   49.8    0.14    19.0   138.4    -3.2    5.45    0.3    1.0    1.3    0.8   72.1    0.1    85.3    81.2     -28   36.5   42.9
2021-05-20   LONG   13505.75 13485.50   20.25  13507.25               12:20:00 |   29.2    4.0   +21.2   1.44 |    8.0    8.4   60.2    0.04     5.8   198.6   -12.2    0.57    0.1    1.1    1.4    0.6   58.3    0.1    69.1    64.2     100   30.2   18.8
2021-05-24   SHORT  13656.25 13647.00    9.25  13645.75               11:05:00 |    7.0   24.2   -20.0   0.76 |    8.3   26.2   40.5    0.09    12.2   -56.1   -58.8   -0.68    0.3    0.3    0.3   -1.0   14.0    0.1    44.5    46.8     -52   15.0   24.8
2021-05-26   LONG   13708.25 13700.00    8.25  13709.00               11:00:00 |    8.0    8.0    -6.5   0.97 |    8.5   13.1   58.8    0.05     7.2    88.3    -6.0    1.03    0.2    0.9    1.3    0.7   54.6    0.1    90.4    86.1     -52   18.5   24.4
2021-06-08   LONG   13815.00 13806.00    9.00  13816.50               11:25:00 |    7.8    3.5    -1.2   0.86 |    7.2   13.6   54.5    0.03     4.0   112.6   -13.3    0.46    0.1    0.9    0.6    0.1   57.6    0.1    71.1    53.2     -76   23.1   12.4
2021-06-15   LONG   14041.25 14029.75   11.50  14041.75               11:15:00 |    0.2   12.8    -9.5   0.02 |    8.6   19.2   57.3    0.06     8.0    82.1    -6.3    1.40    0.3    0.8    0.2    0.6   96.5    0.1    89.3    88.0      12   23.8   20.8
2021-06-17   LONG   14183.25 14167.75   15.50  14184.00               11:30:00 |    6.0    6.2    -5.5   0.39 |   10.1   10.5   58.6    0.04     6.2    90.8    -6.9    0.28    0.2    0.8    0.2    0.7   81.6    0.1    90.8    85.8      -4   26.5   22.8
2021-06-21   SHORT  14138.25 14133.00    5.25  14132.50               11:15:00 |    3.5   13.0    -8.2   0.67 |    7.9   12.9   52.7   -0.02    -3.0    36.5   -43.0   -0.00    0.3    0.6    0.4   -0.8   95.6    0.1    78.8    85.5      64   18.3   18.5
2021-06-22   SHORT  14279.00 14266.75   12.25  14265.00               11:35:00 |    0.8   13.5   -12.0   0.06 |    6.6   25.0   53.4   -0.07   -10.0   -49.8   -88.9   -2.22    0.1    0.3    0.4   -0.3   48.1    0.0    25.7    43.1     -20   19.6   18.9
2021-06-29   SHORT  14583.75 14578.50    5.25  14576.50               11:00:00 |    0.5    6.2    -3.8   0.10 |    7.2   32.0   59.0   -0.03    -4.0    38.3   -44.3   -0.60    0.3    0.6    2.1   -0.3   81.4    0.0    79.5    87.8      92   22.2   21.3
2021-06-30   LONG   14561.00 14553.75    7.25  14561.25               13:15:00 |   14.5    0.5   +14.2   2.00 |    4.0   11.1   58.0    0.03     4.5   197.5   -25.0    0.15    0.1    1.0    2.8   -0.3   51.7    0.0    59.3    54.5      28   13.4    8.6
2021-07-07   LONG   14809.50 14801.75    7.75  14810.25               11:50:00 |    5.2    4.0    +1.0   0.68 |    5.3    6.2   55.6    0.02     3.0    76.7   -25.8    0.06    0.1    0.8    0.6    0.8   61.7    0.0    48.4    45.2      -4   13.8   12.3
2021-07-08   SHORT  14718.50 14712.00    6.50  14704.50               11:00:00 |   11.2   11.2    +7.8   1.73 |   13.3    9.3   48.2   -0.03    -4.2     9.6   -57.3    0.22    0.3    0.5    1.1   -0.7   84.6    0.1    67.1    77.4       8   31.7   43.3
2021-07-29   SHORT  14965.25 14912.50   52.75  14895.25               12:05:00 |   42.8   11.8   +26.5   0.81 |   12.2   58.9   19.2   -0.24   -36.5  -252.9   -96.0    1.89    0.2   -0.3    1.5   -0.8   50.1    0.1    32.6    49.2    -100   11.9   71.1
2021-08-02   LONG   14960.50 14955.00    5.50  14965.25               11:05:00 |    8.5    6.0    +0.0   1.55 |    7.6   22.4   50.8    0.03     4.2    87.7    -9.4    2.08    0.2    0.8    0.3    0.9   83.5    0.1    82.2    79.4     -40   19.6   21.2
2021-08-09   LONG   15126.00 15118.50    7.50  15127.50               11:00:00 |    0.8   11.5    -9.0   0.10 |    5.6   12.9   53.8    0.03     4.8    61.1   -39.0    0.08    0.1    0.7    0.6    0.1   80.9    0.0    55.6    47.4     -36   16.8   15.5
2021-08-12   SHORT  15077.50 15073.50    4.00  15073.25               11:00:00 |    4.2    1.0    +3.8   1.06 |    5.9   18.1   48.4   -0.01    -1.2   -48.6   -88.6   -1.08    0.1    0.2    0.5   -0.7   11.5    0.0    26.0    27.1     -24   12.1   12.4
2021-08-16   SHORT  15134.75 15123.50   11.25  15123.00               11:55:00 |    0.5   10.2    -7.5   0.04 |    4.8   28.1   52.1   -0.03    -5.2  -146.7   -92.3   -2.51    0.1    0.1    0.6   -0.4   33.5    0.0     9.9    12.5       8   16.0   13.9
2021-08-17   LONG   14973.00 14964.25    8.75  14976.00               11:05:00 |    1.8   17.2    -7.8   0.20 |   11.0   13.2   54.1   -0.03    -4.2     0.6   -66.7   -1.20    0.2    0.6    0.4    0.8   11.9    0.1    24.0    19.2      16   34.6   25.9
2021-08-18   LONG   14839.50 14806.50   33.00  14847.50               11:00:00 |    9.5    5.5    +1.5   0.29 |   17.1   49.2   37.3   -0.03    -4.0   -36.0   -39.7    2.76    1.1    0.4    0.6    0.6   11.1    0.1    38.8    25.9     -80   33.2   84.6
2021-08-30   SHORT  15611.25 15605.25    6.00  15603.25               11:00:00 |    0.5    8.0    -1.8   0.08 |    5.8   15.6   46.1   -0.01    -2.2   -70.2   -47.9   -0.56    0.1    0.3    0.4   -0.4   24.1    0.0    57.1    59.4     -44   13.8   15.4
2021-08-31   SHORT  15604.00 15598.25    5.75  15595.00               11:20:00 |    7.5    2.2    +5.8   1.30 |    6.3    9.4   50.4   -0.04    -6.2     7.9   -83.7   -0.47    0.2    0.5    0.4   -0.8   55.5    0.0    57.2    76.1      40   15.6   19.2
2021-09-15   SHORT  15509.50 15499.00   10.50  15498.25               12:30:00 |    3.8    7.8    -1.5   0.36 |    4.3   22.2   45.3   -0.05    -7.2  -128.2   -93.5   -1.57    0.1    0.0    0.7   -1.0   41.1    0.0    25.3    33.2     -52   11.1   13.0
2021-09-16   LONG   15497.75 15490.75    7.00  15498.25               11:35:00 |    0.5    5.8    -5.0   0.07 |    6.1   17.7   55.7    0.03     4.5    43.0   -30.2   -0.89    0.1    0.8    0.2    1.0   68.1    0.0    59.7    48.1     -64   19.8   14.2
2021-09-21   SHORT  15000.00 14980.50   19.50  14974.75               12:50:00 |   45.5    1.0   +15.5   2.33 |    9.3   17.3   34.4   -0.05    -8.0  -296.7   -93.1    0.23    0.1   -0.3    2.8   -0.7   27.4    0.1    20.6    32.8     -80   17.7   35.7
2021-09-29   SHORT  14769.75 14757.75   12.00  14756.00               11:25:00 |    0.2   43.0   -41.0   0.02 |   13.4   17.4   39.9   -0.09   -13.0   -43.9   -95.9    0.58    0.2    0.3    0.6   -0.8   45.2    0.1    13.7    21.2     -28   40.6   46.9
2021-10-05   LONG   14662.00 14645.00   17.00  14669.75               11:00:00 |    5.0    5.0    +1.2   0.29 |   11.9   37.0   44.4    0.07    10.0   -17.0   -14.2    1.59    0.6    0.5    1.3    0.8   20.5    0.1    45.5    24.9     -72   28.7   40.8
2021-10-06   LONG   14770.00 14760.75    9.25  14774.50               11:00:00 |   53.5    2.2   +52.2   5.78 |   14.2   29.5   68.5    0.10    15.0    77.8   -10.4   -0.59    0.7    0.8    2.7    0.4   94.5    0.1    93.0    93.3      68   51.9   22.9
2021-10-11   SHORT  14690.25 14676.75   13.50  14672.25               11:05:00 |    8.0   21.0    -4.8   0.59 |   12.3   54.9   22.6   -0.11   -16.5   -76.7   -85.2    1.67    0.7    0.2    1.3   -0.6   27.9    0.1    17.4    15.0    -100   19.4   61.1
2021-10-12   LONG   14603.50 14585.75   17.75  14605.25               11:30:00 |   11.2   10.2    +7.8   0.63 |   12.4   26.2   42.9    0.04     5.8    14.8   -19.4    3.14    0.3    0.6    0.3   -0.1   54.8    0.1    72.0    61.4     -40   26.1   38.0
2021-10-13   LONG   14769.50 14765.25    4.25  14773.50               11:00:00 |   28.2    1.8   +26.0   6.65 |   10.0   21.5   61.8    0.09    13.8   108.0   -13.0    0.24    0.3    0.8    1.1    0.3   80.0    0.1    85.1    85.3      92   34.4   16.9
2021-10-20   SHORT  15361.50 15356.25    5.25  15347.75               11:10:00 |    3.0    7.5    -4.5   0.57 |    8.8   11.1   36.4   -0.05    -8.2  -134.6   -98.4   -0.67    0.2    0.0    1.0   -0.9   23.0    0.1    10.7    13.2     -56   18.9   29.6
2021-10-25   LONG   15545.75 15525.00   20.75  15553.75               13:05:00 |   26.0    2.5   +23.2   1.25 |    6.9   20.3   76.6    0.16    24.5   253.6    -7.1    1.64    0.2    1.3    4.3    0.7   93.2    0.0    78.4    80.0      56   32.7   11.3
2021-10-26   LONG   15547.50 15522.75   24.75  15549.50               11:05:00 |   22.2    0.5   +10.2   0.90 |   15.6   32.1   50.6   -0.03    -4.2     2.2   -17.3    0.41    0.4    0.5    1.1    0.5   41.7    0.1    49.4    29.8     -12   46.4   63.1
2021-10-27   LONG   15594.00 15580.75   13.25  15600.25               11:00:00 |   20.2    2.2   +18.8   1.53 |   11.6   47.9   40.3    0.01     2.0   -15.6   -14.3    2.76    0.5    0.5    1.2    0.3   42.5    0.1    42.1    22.1     -84   28.5   46.7
2021-11-01   SHORT  15892.00 15885.50    6.50  15880.50               11:00:00 |    5.2   13.8    -4.5   0.81 |    9.4   41.8   58.0    0.01     1.0    38.6   -54.1   -1.16    0.3    0.5    0.9   -0.9   77.0    0.1    64.5    72.0      48   33.3   17.0
2021-11-04   SHORT  16344.50 16331.25   13.25  16326.25               11:00:00 |    2.0   25.5   -12.5   0.15 |   12.1   11.2   46.6   -0.03    -4.2   -12.9   -51.8   -0.17    0.2    0.4    1.3   -0.6   38.4    0.1    70.2    76.7     -36   32.6   39.8

--- 2021 INDICATOR RANGES AT BREAKOUT (Min / Max across all 52 breakout days) ---
Indicator                    |          Min |          Max |         Mean |       Median |          Std
----------------------------------------------------------------------------------------------------
ATRr_14                      |       4.0107 |      23.6166 |      10.8176 |      10.0389 |       4.4244
ADX_14                       |       6.1534 |      58.9416 |      23.1971 |      18.6382 |      13.4069
rsi                          |      19.2276 |      76.6225 |      51.3581 |      52.3597 |      10.9905
roc                          |      -0.2541 |       0.1884 |       0.0073 |       0.0096 |       0.0936
mom                          |     -36.5000 |      24.7500 |       0.8413 |       1.5000 |      13.0847
MACD_12_26_9                 |     -31.5866 |      20.3597 |      -0.8276 |       1.0960 |      10.3803
MACDh_12_26_9                |      -6.4377 |       5.4516 |       0.2094 |       0.2290 |       1.9148
MACDs_12_26_9                |     -34.3506 |      21.4945 |      -1.0370 |       1.4966 |      11.5324
cci                          |    -296.7245 |     253.6341 |      14.3082 |      20.6542 |     103.1579
willr                        |     -98.3607 |      -0.5682 |     -42.7367 |     -37.7455 |      31.7227
BBU_20_2.0_2.0               |   12872.9551 |   16347.9364 |   14412.7826 |   14610.8633 |     907.8744
BBM_20_2.0_2.0               |   12816.3375 |   16330.1875 |   14389.0940 |   14587.9188 |     912.7349
BBL_20_2.0_2.0               |   12759.7199 |   16312.4386 |   14365.4053 |   14566.4872 |     917.8749
bb_width                     |       0.0521 |       1.0500 |       0.3350 |       0.2758 |       0.2433
bb_pct_b                     |      -0.3069 |       1.3408 |       0.5491 |       0.5573 |       0.3325
STOCHk_14_3_3                |       9.8764 |      92.9992 |      55.0804 |      57.6232 |      25.3838
STOCHd_14_3_3                |      12.1411 |      93.3099 |      53.6638 |      53.8560 |      26.4279
mfi                          |      11.1010 |      96.4519 |      55.3220 |      55.1430 |      25.7160
natr                         |       0.0275 |       0.1789 |       0.0764 |       0.0712 |       0.0344
obv                          | -728270.0000 | 1542965.0000 |  341710.5962 |  254544.0000 |  539736.5352
AROONU_25                    |       0.0000 |     100.0000 |      36.9231 |      30.0000 |      36.1662
AROOND_25                    |       0.0000 |     100.0000 |      45.0769 |      40.0000 |      30.0495
AROONOSC_25                  |    -100.0000 |     100.0000 |      -8.1538 |     -18.0000 |      55.3348
DMP_14                       |      11.0805 |      95.3564 |      31.0838 |      29.3404 |      16.3293
DMN_14                       |       8.6134 |      84.5829 |      31.0876 |      24.6063 |      18.1001
vol_ratio                    |       0.1797 |       4.2576 |       0.9083 |       0.6455 |       0.7861
clv                          |      -1.0000 |       1.0000 |       0.0497 |       0.2153 |       0.6785
range_width                  |       4.0000 |      61.0000 |      14.5673 |      11.3750 |      11.5631
range_pct                    |       0.0265 |       0.4369 |       0.1026 |       0.0812 |       0.0829

--- 2021 BREAKOUT MAGNITUDE ---
Metric                       |          Min |          Max |         Mean |       Median
-------------------------------------------------------------------------------------
mfe                          |         0.25 |        53.50 |        11.01 |         7.25
mae                          |        -0.25 |        63.00 |        10.66 |         7.88
mfe_30                       |        -1.00 |        45.50 |         7.27 |         5.12
mae_30                       |        -0.25 |        25.50 |         7.34 |         5.88
end_excursion                |       -47.50 |        52.25 |         0.99 |        -0.62
mfe_range_ratio              |         0.02 |         6.65 |         0.90 |         0.61
mfe_mae_ratio                |         0.01 |        99.00 |         6.52 |         0.98

############################################################################################################################################
# YEAR 2022 -- 54 BREAKOUTS
############################################################################################################################################

--- ALL BREAKOUT DAYS 2022 ---
Date         Side     RangeH   RangeL  RngWid   BOPrice                 BOTime |    MFE    MAE  EndExc  MFE/R |    ATR    ADX    RSI     ROC     MOM     CCI   WillR   MACDh  BBwid   BB%B   VolR    CLV    MFI   NATR  StochK  StochD  AroonO    DMP    DMN
------------------------------------------------------------------------------------------------------------------------------------------------------------------------------------------------------------------------------------------------
2022-03-16   SHORT  14025.75 13993.25   32.50  13976.00               11:00:00 |   22.8    5.0   +13.2   0.70 |   32.1   43.0   64.3    0.17    24.2    47.7   -36.2   -5.03    1.8    0.6    0.6   -0.9   87.7    0.2    76.4    84.1      80  148.3   65.9
2022-03-17   SHORT  14080.75 14040.50   40.25  14039.50               11:15:00 |   22.2   12.0   +13.5   0.55 |   21.9   16.7   42.0   -0.26   -37.2  -102.2   -97.8   -5.99    0.7    0.1    0.4   -0.8   14.4    0.2     9.4    14.8      40   56.4   82.1
2022-03-22   SHORT  14661.50 14652.00    9.50  14643.50               11:00:00 |   13.8   28.5   -22.5   1.45 |   15.4    6.6   45.5   -0.09   -13.2  -177.2   -62.4   -2.38    0.2    0.1    1.1   -0.2   24.5    0.1    41.4    44.5      -4   34.1   52.0
2022-03-23   SHORT  14463.00 14456.25    6.75  14455.25               11:00:00 |    1.0   18.0   -16.2   0.15 |   15.8   24.9   40.2   -0.01    -2.0   -42.3   -61.0    2.35    0.5    0.3    0.7   -0.8   25.8    0.1    32.2    26.4     -48   33.6   54.9
2022-03-28   SHORT  14982.00 14978.75    3.25  14971.50               11:00:00 |    7.0    7.8    -2.2   2.15 |   12.2   46.3   60.5   -0.09   -13.0     5.8   -59.9   -5.75    0.3    0.4    1.2   -0.8   73.9    0.1    66.0    74.1      52   42.6   26.5
2022-03-31   SHORT  14923.50 14905.50   18.00  14904.50               11:15:00 |    4.8   14.5   -11.0   0.26 |   18.6   31.8   38.6   -0.02    -2.8   -44.3   -68.1    2.73    0.5    0.4    0.3   -0.6   61.2    0.1    62.5    74.3     -36   30.8   73.2
2022-04-11   LONG   14006.75 13991.00   15.75  14011.25               11:00:00 |    7.5    5.0    +1.5   0.48 |   14.6   15.6   44.4    0.08    11.0    18.2   -15.4    3.50    0.4    0.6    0.8    0.4   27.1    0.1    60.5    49.4     -40   40.2   37.3
2022-04-19   LONG   14100.25 14084.00   16.25  14104.75               11:15:00 |   12.5   20.5   -17.5   0.77 |   19.6   29.6   44.3    0.09    13.0   -25.0    -5.9    0.70    1.3    0.4    0.4    0.5   48.9    0.1    64.8    40.0     -16   46.5   75.4
2022-04-21   SHORT  13727.25 13715.00   12.25  13697.25               11:00:00 |    2.2   30.2   -14.2   0.18 |   25.6   31.8   36.1   -0.13   -18.5  -130.6   -63.1    4.57    0.4    0.1    0.6   -0.7   23.6    0.2    48.3    54.6     -36   42.0   93.7
2022-04-25   SHORT  13535.25 13521.75   13.50  13507.75               11:00:00 |    0.2   22.0   -18.5   0.02 |   23.7   27.8   54.1   -0.06    -8.0     2.4   -99.4   -5.50    0.6    0.4    0.7   -1.0   77.2    0.2    49.1    66.2      44   75.8   59.4
2022-04-26   LONG   12878.25 12803.00   75.25  12902.50               11:00:00 |  140.2   -0.8   +73.5   1.86 |   47.5   53.1   43.5    0.08    10.5   -31.2   -61.7   -0.61    3.1    0.4    0.7    0.5   22.4    0.4    15.8     7.8     -80  119.4  210.4
2022-05-02   SHORT  13061.00 13038.00   23.00  13034.50               11:30:00 |    6.0   26.5   -19.0   0.26 |   22.0   33.9   57.2   -0.16   -20.2   -98.7   -88.3   -9.59    0.3    0.2    0.7   -0.7   62.8    0.2    42.8    49.9      28   66.6   47.9
2022-05-09   LONG   12219.25 12194.00   25.25  12221.25               11:00:00 |   29.8   13.2   +21.2   1.18 |   28.1   14.1   48.9   -0.12   -14.2    56.7   -29.9    2.69    0.7    0.6    1.1   -0.2   84.0    0.2    65.7    63.6     -36   94.5   78.4
2022-05-11   SHORT  12023.25 12001.25   22.00  11996.25               11:00:00 |   45.0   11.5    -8.2   2.05 |   26.9   13.9   41.9   -0.14   -16.8   -26.5   -36.9    5.30    0.6    0.4    0.7    0.2   84.6    0.2    79.4    87.6     -44   60.0   92.2
2022-05-16   LONG   12241.50 12233.00    8.50  12250.75               11:00:00 |   17.5   11.2   +10.5   2.06 |   18.6   29.3   44.6    0.03     3.8    18.8   -16.5    2.74    0.4    0.7    1.1    0.5   33.5    0.2    55.0    44.0     -40   49.1   55.0
2022-05-17   LONG   12576.00 12568.75    7.25  12583.00               11:00:00 |   10.5   17.5   -12.2   1.45 |   18.1   20.0   63.9    0.14    17.0   112.1    -6.2   -1.47    0.4    0.9    1.2    0.6   97.0    0.1    95.1    95.1     100   59.3   31.7
2022-05-23   SHORT  12055.25 12049.25    6.00  11836.50               11:00:00 |   12.8   54.2   -52.8   2.12 |   35.5   31.0   22.8   -1.79  -216.0  -286.1   -93.7  -13.52    1.8   -0.4    5.3   -0.7   55.1    0.3    56.6    73.2     -44   59.0  256.8
2022-05-25   LONG   11893.50 11840.50   53.00  11908.25               11:00:00 |   13.0   16.0    +9.0   0.25 |   30.4   27.3   50.3   -0.10   -12.2   -23.4   -32.2   -3.34    1.4    0.5    0.6    0.7   54.2    0.3    54.7    45.8     -60   98.4  119.0
2022-05-26   LONG   12261.25 12254.00    7.25  12269.25               11:05:00 |   30.0    3.8   +14.5   4.14 |   15.5   14.6   50.0    0.12    15.2    -3.7   -29.2    1.32    0.6    0.5    0.4    0.9   36.9    0.1    39.1    25.3      24   31.2   37.3
2022-06-01   SHORT  12550.75 12533.25   17.50  12530.00               11:35:00 |   13.8    9.2    +4.2   0.79 |   18.5   28.9   39.7   -0.10   -12.8  -157.1   -64.9    0.24    0.2    0.0    0.4   -0.6   39.0    0.1    43.1    50.4     -64   32.2   68.5
2022-06-02   LONG   12898.75 12883.50   15.25  12905.25               11:00:00 |   39.8    1.5   +15.5   2.61 |   16.2   24.5   67.3    0.23    29.8    93.4    -9.0   -0.17    0.7    0.8    0.8    0.6   61.9    0.1    88.6    90.8      76   58.1   29.8
2022-06-08   SHORT  12622.00 12615.75    6.25  12609.50               11:00:00 |    0.0   22.5   -18.0   0.00 |   14.0   21.1   43.6   -0.09   -11.2   -62.3   -57.1    0.43    0.4    0.3    1.0   -0.9   62.3    0.1    59.1    55.3      20   32.5   48.0
2022-06-13   LONG   11373.75 11354.00   19.75  11377.50               11:00:00 |   27.8    1.5    -0.2   1.41 |   24.0    8.2   53.3    0.16    18.5   113.6   -11.3    6.08    0.7    0.9    0.6    0.0   88.6    0.2    84.0    83.6     -28   83.2   67.7
2022-06-15   LONG   11635.25 11601.50   33.75  11661.00               11:00:00 |   47.8    3.2   +25.0   1.41 |   38.5    9.9   56.2    0.41    47.8    26.9   -10.7   -1.84    1.6    0.6    0.9    0.2   26.3    0.3    56.6    43.4      32  140.7   98.2
2022-06-22   SHORT  11554.50 11540.25   14.25  11530.25               11:05:00 |   21.8   12.8   +20.5   1.53 |   18.9   28.6   31.6   -0.19   -22.5  -147.6   -80.2    1.22    0.5    0.1    1.1   -0.3   25.6    0.2    12.9     9.7     -96   38.9   72.7
2022-07-12   LONG   11781.50 11767.50   14.00  11784.75               11:05:00 |    3.8   16.2    -6.5   0.27 |   14.5   22.1   48.3    0.07     8.0    82.0   -17.6    5.58    0.6    0.7    0.8    0.1   49.5    0.1    72.8    74.5     -28   41.4   41.8
2022-07-14   LONG   11813.25 11801.25   12.00  11814.25               11:00:00 |   29.5    5.0   +19.0   2.46 |   15.0   23.8   60.2    0.05     5.8    99.2   -23.1   -2.03    0.3    0.8    1.0   -0.2   76.0    0.1    77.9    81.7     -12   58.3   30.6
2022-07-19   SHORT  12325.50 12316.25    9.25  12310.50               11:30:00 |    4.0   15.0    -2.2   0.43 |   14.3   49.3   57.6   -0.07    -8.2   -10.1   -97.4   -3.23    0.5    0.5    0.3   -0.4   50.4    0.1     9.8    19.6      68   85.4   25.4
2022-07-20   SHORT  12439.50 12420.25   19.25  12414.00               11:35:00 |    3.2   32.0   -25.2   0.17 |   16.0   18.4   38.0   -0.10   -12.0  -105.8   -97.5   -1.64    0.5    0.2    0.4   -0.9   34.6    0.1    23.4    24.0    -100   33.8   59.4
2022-07-21   SHORT  12579.75 12560.00   19.75  12547.75               11:00:00 |   11.0   12.8    -6.2   0.56 |   18.6   21.0   38.5   -0.18   -23.2   -89.0   -97.5   -4.58    1.0    0.2    0.4   -1.0   44.0    0.1    14.0    15.8     -16   51.1   77.3
2022-08-04   SHORT  13330.75 13322.50    8.25  13319.75               11:05:00 |    2.8   23.0   -19.0   0.33 |   11.1    8.0   49.6   -0.05    -6.5   -13.9   -95.2   -1.64    0.3    0.4    0.3   -0.9   48.5    0.1    36.6    53.1     -24   29.5   33.3
2022-08-15   SHORT  13682.50 13672.00   10.50  13670.50               11:00:00 |    4.2    7.5    -0.8   0.40 |    9.7   16.2   44.5   -0.03    -3.5   -97.1   -75.3   -1.81    0.3    0.2    1.0   -0.3   30.3    0.1    26.0    27.9     -76   19.9   33.1
2022-08-17   SHORT  13511.50 13504.75    6.75  13486.00               11:00:00 |   19.5    6.5   +18.2   2.89 |   15.5   16.2   39.0   -0.16   -21.0  -162.6   -97.2   -0.64    0.2   -0.1    1.7   -0.9   69.1    0.1    60.7    76.9     -36   32.3   58.1
2022-08-18   SHORT  13541.50 13535.00    6.50  13523.75               11:00:00 |    1.0   10.2    +0.2   0.15 |   10.8   21.3   40.9   -0.01    -0.8   -90.5   -60.8   -0.84    0.4    0.2    1.2   -0.8   34.3    0.1    58.0    58.3     -20   19.7   45.4
2022-08-22   SHORT  12937.75 12931.75    6.00  12925.75               11:00:00 |    0.0   20.5   -16.0   0.00 |   10.7   19.2   50.9    0.00     0.2    48.4   -31.1    1.83    0.5    0.6    1.0   -0.6   89.1    0.1    84.4    90.0      64   29.1   31.0
2022-08-24   SHORT  12956.75 12939.75   17.00  12939.00               12:30:00 |   14.0   15.5   -13.8   0.82 |    6.6   19.8   42.2   -0.04    -5.2  -121.3   -87.8   -0.34    0.1    0.1    1.2   -0.6   45.5    0.1    35.6    31.6     -80   17.1   25.5
2022-09-07   LONG   12268.75 12261.50    7.25  12278.25               11:00:00 |   11.0   15.0   -10.2   1.52 |   12.9   30.5   59.7    0.21    25.2    28.7   -13.7   -2.05    0.4    0.6    0.9    0.6   14.9    0.1    52.4    40.9     -32   52.4   25.2
2022-09-12   SHORT  12855.25 12849.50    5.75  12848.75               11:05:00 |   13.0    6.8    -1.5   2.26 |   11.1   28.7   61.7    0.00     0.0    44.7   -38.7   -0.49    0.6    0.6    0.3   -0.3   93.4    0.1    77.7    87.8      96   42.2   16.5
2022-09-19   LONG   12056.75 12034.00   22.75  12060.00               11:20:00 |    0.5   10.8    -3.5   0.02 |   12.6   40.3   71.0    0.16    19.0   119.4   -12.8   -2.39    0.4    0.9    0.8    0.1   54.0    0.1    87.2    76.5       8   63.5   22.8
2022-09-26   SHORT  11317.50 11302.75   14.75  11300.50               11:10:00 |    0.8   39.2   -38.2   0.05 |   20.9    7.4   39.0   -0.02    -1.8   -73.2   -73.1   -0.46    0.8    0.3    0.4   -0.5   42.5    0.2    26.1    23.8     -12   48.3   50.7
2022-09-27   LONG   11355.00 11332.25   22.75  11364.75               11:00:00 |    4.0   22.2    +2.0   0.18 |   20.8   13.6   60.9    0.17    19.2   146.1   -18.5    1.52    0.7    0.9    2.0   -0.1   33.6    0.2    84.0    83.1      72   77.7   44.7
2022-09-29   LONG   11233.75 11223.25   10.50  11236.00               11:00:00 |   23.5    8.8   +14.5   2.24 |   17.9   32.6   65.2    0.08     8.8    48.6   -38.5   -0.78    0.7    0.7    1.2    0.7   80.0    0.2    59.5    61.2      48   57.4   36.6
2022-10-03   LONG   11314.25 11308.75    5.50  11321.00               11:00:00 |    7.0   38.2    -9.0   1.27 |   13.0   18.8   56.9    0.08     9.2    33.0   -17.2   -1.70    0.4    0.6    1.0    0.1   43.2    0.1    70.1    62.8     -48   49.4   37.1
2022-10-04   SHORT  11651.00 11638.50   12.50  11631.50               11:00:00 |   18.0    6.8   +14.2   1.44 |   15.2   18.7   49.6   -0.07    -8.0    -6.8   -73.7   -1.26    0.5    0.4    1.3   -0.3   80.6    0.1    53.6    63.7      40   45.7   48.5
2022-10-17   LONG   11149.00 11130.25   18.75  11165.50               11:00:00 |   31.2    4.0   +22.5   1.67 |   17.3   15.0   67.4    0.36    40.0   285.3   -31.5    2.14    0.4    1.2    1.8   -0.7   47.0    0.2    77.1    83.8      92   90.7   31.7
2022-10-18   SHORT  11338.50 11314.25   24.25  11313.75               11:15:00 |    6.2   68.8   -57.0   0.26 |   22.5   37.1   63.2   -0.04    -4.2    42.4   -34.3   -1.44    1.8    0.6    0.3   -0.8   74.4    0.2    79.4    86.1      88   92.2   44.5
2022-10-19   SHORT  11170.25 11141.75   28.50  11132.50               11:00:00 |   42.0   13.2   +41.2   1.47 |   23.6   14.3   48.2   -0.04    -4.5   -40.6   -75.7   -1.06    0.6    0.4    0.8    0.1   54.2    0.2    34.1    37.7      48   64.0   70.1
2022-10-20   SHORT  11073.50 11050.00   23.50  11036.00               11:05:00 |   34.5   13.8   +29.2   1.47 |   22.1   20.9   34.3   -0.33   -36.0  -149.4   -98.4   -2.13    0.7   -0.0    0.4   -0.8   32.0    0.2    10.5    14.7     -44   32.5   68.8
2022-10-24   LONG   11474.50 11455.00   19.50  11479.00               11:40:00 |   13.5    1.5    -1.0   0.69 |   10.7   19.9   59.0    0.18    20.2   115.5   -12.8    0.60    0.3    0.9    1.4    0.4   57.7    0.1    80.6    71.8     -56   27.9   25.2
2022-10-25   SHORT  11588.00 11558.00   30.00  11476.75               11:00:00 |    5.8   37.2    +4.0   0.19 |   28.9   41.7   25.5   -1.00  -115.5  -139.1   -99.7   -9.31    2.5    0.0    1.3   -1.0   26.1    0.3    15.0    20.8     -48   42.4  195.3
2022-10-27   LONG   11122.25 10924.50  197.75  11134.25               11:00:00 |   56.5    3.8   +12.5   0.29 |   45.8   29.4   47.7    0.68    75.2    -1.2   -35.7    7.25    3.4    0.5    0.5   -0.2   35.0    0.4    55.7    51.4     -48  135.4  129.7
2022-11-01   LONG   11323.00 11309.75   13.25  11328.75               11:00:00 |   20.2    5.8   +17.0   1.53 |   15.6   19.0   49.9    0.25    28.5    24.8   -32.5    1.70    0.5    0.6    0.6   -0.0   32.2    0.1    49.3    43.7     -56   46.9   43.7
2022-11-02   SHORT  10956.00 10939.00   17.00  10919.75               11:00:00 |   18.8   18.2    +8.0   1.10 |   30.9   42.2   27.5   -0.05    -5.5   -72.3   -82.2    9.10    1.3    0.2    1.3   -0.9   19.6    0.3    29.8    33.1     -44   55.4  155.0
2022-11-03   SHORT  10735.50 10724.25   11.25  10708.75               11:00:00 |   16.0    9.5    -8.2   1.42 |   14.0   26.4   29.3   -0.28   -29.8  -104.8   -79.5   -0.33    1.0    0.2    1.8   -0.3   21.0    0.1    24.2    24.0     -96   24.6   72.1

--- 2022 INDICATOR RANGES AT BREAKOUT (Min / Max across all 54 breakout days) ---
Indicator                    |          Min |          Max |         Mean |       Median |          Std
----------------------------------------------------------------------------------------------------
ATRr_14                      |       6.6434 |      47.4941 |      19.8241 |      17.9917 |       8.6199
ADX_14                       |       6.5876 |      53.0692 |      24.5190 |      21.7323 |      10.9041
rsi                          |      22.8110 |      71.0299 |      48.3441 |      48.2563 |      11.4810
roc                          |      -1.7922 |       0.6804 |      -0.0369 |      -0.0220 |       0.3300
mom                          |    -216.0000 |      75.2500 |      -4.7454 |      -3.1250 |      39.2156
MACD_12_26_9                 |     -71.0585 |      62.7815 |      -2.6297 |      -2.7229 |      21.0553
MACDh_12_26_9                |     -13.5185 |       9.1030 |      -0.5880 |      -0.6262 |       4.0483
MACDs_12_26_9                |     -70.4477 |      67.8070 |      -2.0417 |      -1.3432 |      23.0335
cci                          |    -286.1178 |     285.3047 |     -18.9297 |     -12.0421 |     100.0258
willr                        |     -99.7079 |      -5.9172 |     -52.7110 |     -58.5115 |      31.8196
BBU_20_2.0_2.0               |   10795.9713 |   15000.2276 |   12508.0915 |   12300.2342 |    1121.9185
BBM_20_2.0_2.0               |   10743.6625 |   14975.8125 |   12460.5201 |   12268.8000 |    1126.5121
BBL_20_2.0_2.0               |   10691.3537 |   14951.3974 |   12412.9488 |   12237.3658 |    1132.5823
bb_width                     |       0.1350 |       3.3828 |       0.7771 |       0.5375 |       0.6873
bb_pct_b                     |      -0.3779 |       1.2015 |       0.4344 |       0.4393 |       0.3058
STOCHk_14_3_3                |       9.3856 |      95.1468 |      52.3009 |      55.3389 |      23.9049
STOCHd_14_3_3                |       7.8481 |      95.0592 |      53.2317 |      52.2234 |      25.0829
mfi                          |      14.4488 |      97.0169 |      50.2072 |      47.7478 |      23.1206
natr                         |       0.0513 |       0.4109 |       0.1618 |       0.1412 |       0.0751
obv                          | -3463925.0000 | -1016020.0000 | -2350545.6296 | -2378552.5000 |  615418.0235
AROONU_25                    |       0.0000 |     100.0000 |      35.5556 |      28.0000 |      31.9118
AROOND_25                    |       0.0000 |     100.0000 |      43.4815 |      44.0000 |      32.9028
AROONOSC_25                  |    -100.0000 |     100.0000 |      -7.9259 |     -26.0000 |      55.6457
DMP_14                       |      17.0670 |     148.3029 |      56.2893 |      48.6749 |      30.3491
DMN_14                       |      16.5022 |     256.7754 |      65.0527 |      51.3593 |      47.6484
vol_ratio                    |       0.2655 |       5.2950 |       0.9487 |       0.8208 |       0.7360
clv                          |      -1.0000 |       0.8571 |      -0.2661 |      -0.2844 |       0.5455
range_width                  |       3.2500 |     197.7500 |      20.6852 |      15.0000 |      27.5490
range_pct                    |       0.0217 |       1.7939 |       0.1716 |       0.1186 |       0.2466

--- 2022 BREAKOUT MAGNITUDE ---
Metric                       |          Min |          Max |         Mean |       Median
-------------------------------------------------------------------------------------
mfe                          |         0.00 |       140.25 |        17.87 |        13.00
mae                          |        -0.75 |        68.75 |        15.84 |        13.00
mfe_30                       |         0.00 |       140.25 |        15.58 |        11.38
mae_30                       |        -0.75 |        38.25 |        11.42 |        10.75
end_excursion                |       -57.00 |        73.50 |        -0.12 |        -0.88
mfe_range_ratio              |         0.00 |         4.14 |         1.06 |         0.80
mfe_mae_ratio                |         0.00 |        99.00 |         4.71 |         0.90

############################################################################################################################################
# YEAR 2023 -- 56 BREAKOUTS
############################################################################################################################################

--- ALL BREAKOUT DAYS 2023 ---
Date         Side     RangeH   RangeL  RngWid   BOPrice                 BOTime |    MFE    MAE  EndExc  MFE/R |    ATR    ADX    RSI     ROC     MOM     CCI   WillR   MACDh  BBwid   BB%B   VolR    CLV    MFI   NATR  StochK  StochD  AroonO    DMP    DMN
------------------------------------------------------------------------------------------------------------------------------------------------------------------------------------------------------------------------------------------------
2023-03-20   SHORT  12701.00 12689.50   11.50  12688.00               12:15:00 |    6.8   23.2    -9.2   0.59 |    7.6   20.6   46.5   -0.06    -7.0  -166.2   -95.1   -2.06    0.1   -0.0    0.9   -0.6   37.9    0.1    17.4    31.6      -4   20.3   22.5
2023-03-22   LONG   12717.75 12695.25   22.50  12723.00               11:05:00 |    2.0   15.2   -10.2   0.09 |   29.9   30.2   38.8    0.16    20.5   -25.4    -1.1    6.34    2.0    0.4    0.4    0.9   40.6    0.2    52.7    30.6     -36   78.9  132.6
2023-03-23   SHORT  12893.25 12831.50   61.75  12829.00               14:05:00 |    9.0   41.8   -36.5   0.15 |   10.0   14.8   34.8   -0.24   -31.5  -325.5   -90.9   -2.60    0.3   -0.3    3.6   -0.6   25.6    0.1    20.6    29.7     -76   25.2   47.5
2023-03-27   SHORT  12818.25 12809.50    8.75  12805.75               11:05:00 |    4.5   13.2   -10.5   0.51 |   10.8   24.9   40.5   -0.05    -6.0  -100.2   -58.8   -0.40    0.2    0.2    0.5   -0.5   83.8    0.1    68.8    75.5     -44   21.7   38.8
2023-03-28   LONG   12750.50 12744.50    6.00  12753.00               11:10:00 |    5.2   11.0    -8.8   0.88 |    8.9   40.1   73.6    0.04     5.0    75.8   -17.4   -1.16    0.5    0.7    0.5    0.0   65.3    0.1    81.5    83.6      80   38.4   10.8
2023-03-29   SHORT  12968.00 12960.75    7.25  12955.50               11:00:00 |    5.0   15.5    -1.5   0.69 |   10.3   12.3   48.2   -0.02    -2.5   -74.1   -76.7   -2.66    0.3    0.2    0.9   -0.8   14.9    0.1    25.9    28.9      40   26.0   26.5
2023-04-05   SHORT  13075.50 13065.00   10.50  13059.50               11:00:00 |    2.5    8.8    -2.2   0.24 |   10.1   16.6   44.0   -0.15   -19.8  -113.0   -95.7   -1.78    0.2    0.1    1.1   -0.8   16.3    0.1    17.8    29.5      32   20.8   29.9
2023-04-06   SHORT  13165.75 13159.25    6.50  13154.00               11:00:00 |    3.5    5.0    -1.8   0.54 |    8.6   20.4   40.5   -0.10   -13.8  -161.1   -70.8   -1.49    0.2    0.0    1.2   -0.0   51.3    0.1    22.6    16.8     -72   13.4   33.6
2023-04-18   SHORT  13190.00 13180.00   10.00  13176.25               11:00:00 |    5.0    6.0    -3.8   0.50 |   12.5   19.3   47.4    0.02     3.0   -33.7   -43.2    0.57    0.2    0.4    0.3    0.0   52.9    0.1    68.9    73.7      -4   32.7   52.4
2023-04-19   SHORT  13170.50 13164.00    6.50  13162.25               11:00:00 |   20.5    1.8   +14.8   3.15 |   10.5   39.7   36.1    0.01     0.8   -88.2   -81.5   -0.63    0.4    0.2    0.4   -0.2   52.2    0.1    28.8    29.9     -44   10.9   35.8
2023-04-20   SHORT  13094.00 13087.75    6.25  13082.75               11:00:00 |    6.0   11.2    -8.8   0.96 |   11.4   20.1   47.0   -0.03    -4.2    34.8   -40.4    3.24    0.6    0.6    0.7   -0.6   85.3    0.1    78.4    84.6     -20   30.6   31.6
2023-04-26   SHORT  12969.25 12952.25   17.00  12950.25               11:40:00 |    5.8    6.8    +0.8   0.34 |   10.4   36.8   57.3   -0.09   -11.5   -19.3   -95.5   -1.99    0.4    0.4    0.2   -0.5   61.2    0.1    10.2    22.5      44   39.0   24.0
2023-05-02   SHORT  13177.25 13164.75   12.50  13164.25               11:00:00 |    4.0    6.8    +1.0   0.32 |   11.3   16.6   39.4   -0.12   -15.5  -136.8   -82.1   -1.76    0.3    0.1    0.7    0.7    5.9    0.1    12.8     9.4     -88   17.0   36.7
2023-05-04   LONG   13092.00 13035.00   57.00  13092.75               12:30:00 |    5.0   12.0    -2.8   0.09 |    9.6   35.1   63.4    0.09    11.5   144.6   -14.0    1.09    0.3    0.9    1.0    0.0   64.5    0.1    89.7    86.4     100   42.4   14.3
2023-05-10   LONG   13415.50 13403.50   12.00  13420.00               12:40:00 |   16.5    3.0    +6.2   1.38 |    5.3   10.9   65.7    0.06     8.5   276.3    -8.2   -0.00    0.1    1.3    3.2    0.7   55.3    0.0    77.2    71.3      80   20.7   10.6
2023-05-16   SHORT  13509.50 13502.25    7.25  13500.25               11:00:00 |   15.2    6.5    +6.8   2.10 |    9.2   25.1   41.8    0.03     4.5   -39.5   -28.2    1.08    0.4    0.4    0.7    0.4   29.2    0.1    66.3    61.1     -52   19.7   38.8
2023-05-25   SHORT  13989.00 13980.50    8.50  13968.00               11:15:00 |    5.8   10.0    +1.8   0.68 |   11.6   10.9   37.9   -0.14   -19.0  -192.1   -86.2   -1.72    0.2   -0.1    1.0   -0.6   57.5    0.1    42.6    49.9     -84   24.1   46.1
2023-06-01   SHORT  14500.00 14488.00   12.00  14487.50               12:10:00 |    8.8    1.8    +7.2   0.73 |    6.6   12.4   48.2   -0.03    -5.0  -177.5   -58.2   -0.96    0.1    0.1    1.5    0.6   35.9    0.0    23.7    26.3      20   15.5   26.4
2023-06-07   LONG   14325.50 14315.75    9.75  14327.00               11:05:00 |    6.8   20.0    -7.2   0.69 |   12.4   30.0   44.9    0.07    10.2    46.6   -45.3    2.68    0.2    0.7    0.4   -0.0   53.5    0.1    40.6    33.9     -36   29.0   37.8
2023-06-12   SHORT  15011.75 15001.50   10.25  15000.50               11:00:00 |    2.5   25.2   -17.8   0.24 |   11.1   73.8   67.2    0.05     8.0    58.3   -21.7   -2.50    0.5    0.7    0.6   -0.6   83.3    0.1    88.3    91.1      84   51.1   12.6
2023-06-13   LONG   15111.75 15095.75   16.00  15113.25               11:00:00 |    5.8    8.5    +3.8   0.36 |   11.5   27.1   67.7    0.10    14.8   124.6   -24.8    1.45    0.4    0.8    1.3   -0.3   85.6    0.1    86.9    91.5     100   49.8   17.5
2023-06-15   SHORT  15375.75 15364.75   11.00  15355.75               11:00:00 |    3.8   20.0    -5.2   0.34 |   15.0   18.1   41.5   -0.04    -6.0   -79.8   -86.3   -3.87    0.5    0.2    0.6   -0.9   12.6    0.1    22.0    23.5     -60   37.3   55.8
2023-06-20   SHORT  15253.75 15245.25    8.50  15242.50               11:15:00 |    3.8   12.2    -3.5   0.44 |    9.7   13.6   45.9   -0.07   -10.8   -74.8   -66.7   -0.65    0.2    0.3    0.5   -0.4   71.6    0.1    57.7    61.3     -12   30.4   28.2
2023-06-21   LONG   15043.50 15035.75    7.75  15048.50               11:00:00 |    0.8   24.5    -9.2   0.10 |   12.1   34.2   43.3   -0.02    -3.0   -41.6   -56.2    0.41    0.4    0.4    0.7    0.9   35.3    0.1    21.2    16.2     -48   29.2   50.9
2023-06-26   SHORT  14880.50 14869.25   11.25  14866.50               11:30:00 |    0.0   27.2   -19.2   0.00 |    9.8   32.9   33.7   -0.04    -5.8  -146.0   -80.5    1.01    0.2    0.1    0.6   -0.1   38.0    0.1    12.8    17.3     -16   18.2   39.9
2023-06-27   SHORT  15095.25 15085.25   10.00  15081.50               11:05:00 |   29.5    3.2   +27.8   2.95 |    9.8   17.6   38.1   -0.07   -10.5   -86.4   -95.7   -2.31    0.4    0.2    0.6   -0.7   10.4    0.1     5.9     8.0     -80   23.0   29.8
2023-07-05   SHORT  15358.50 15354.25    4.25  15353.50               11:25:00 |    2.8   12.2   -12.2   0.65 |    6.7   19.8   41.3   -0.01    -1.2   -71.0   -67.4    0.04    0.1    0.2    0.2   -1.0   49.4    0.0    43.4    50.4     -72   12.3   22.8
2023-07-06   LONG   15227.00 15213.75   13.25  15227.50               11:45:00 |    9.5    3.8    +3.0   0.72 |    7.1   16.5   53.7    0.03     5.0    52.0    -7.2    0.67    0.2    0.7    0.7    0.3   54.0    0.0    86.8    67.7     -56   19.4   17.0
2023-07-11   SHORT  15266.50 15260.25    6.25  15258.50               11:00:00 |    0.0   22.2   -19.2   0.00 |    9.8   32.1   61.0   -0.01    -2.2    27.4   -40.4   -1.71    0.5    0.6    0.9    0.1   20.7    0.1    58.2    63.7      44   37.2   24.0
2023-07-13   LONG   15701.25 15694.00    7.25  15701.75               11:00:00 |   13.8   -0.5   +12.8   1.90 |    9.0   27.5   54.0    0.00     0.2   -41.6   -73.8   -2.47    0.3    0.4    0.6    0.1   20.4    0.1    16.6    11.3      40   26.1   19.2
2023-07-17   LONG   15830.50 15826.00    4.50  15830.75               11:10:00 |    1.8   14.8    -9.5   0.39 |    8.8   17.2   50.0    0.01     1.2   -27.6   -31.5   -1.38    0.3    0.4    0.3    0.0   30.0    0.1    38.0    24.0     -44   25.9   19.2
2023-07-25   SHORT  15731.50 15712.50   19.00  15695.50               11:00:00 |   75.8    1.0   +52.0   3.99 |   21.2   30.9   45.3   -0.13   -20.0    21.9   -34.3    0.25    0.5    0.4    1.0   -0.9   31.0    0.1    84.8    90.1      48   27.0   74.3
2023-07-26   LONG   15646.50 15624.25   22.25  15647.50               12:10:00 |    8.5    8.2    -2.8   0.38 |   11.9   23.5   59.1    0.05     8.5   103.6   -12.2   -0.77    0.2    0.8    0.5    0.1   64.4    0.1    87.1    85.7      -4   45.8   25.0
2023-07-27   SHORT  15591.50 15581.50   10.00  15575.00               11:00:00 |    6.8   21.0   -20.5   0.68 |   18.0   32.5   40.6   -0.07   -10.8    23.8   -40.5    5.61    0.4    0.5    1.0   -0.8   82.5    0.1    76.5    83.2     -24   37.5   70.0
2023-08-07   LONG   15493.50 15488.25    5.25  15495.75               11:00:00 |   -0.5   15.8    -8.2  -0.10 |    8.8   20.4   70.3    0.05     8.0    74.2    -8.8   -0.56    0.4    0.7    1.1    0.4   95.6    0.1    90.4    93.0      72   30.6   15.8
2023-08-10   LONG   15221.50 15212.00    9.50  15228.25               11:00:00 |    9.2    3.0    +3.2   0.97 |   14.1   12.3   58.7    0.12    18.8   130.9    -5.7    2.48    0.3    0.9    1.1    0.7   69.9    0.1    91.0    89.4     -24   43.8   29.2
2023-08-14   LONG   15279.75 15271.25    8.50  15282.25               11:15:00 |   34.0    3.5   +19.0   4.00 |    9.2   35.1   72.6    0.06     9.2    77.3   -13.2   -1.05    0.3    0.7    0.3    1.0   69.1    0.1    73.2    76.6      88   29.2   11.7
2023-08-15   LONG   15114.75 15107.00    7.75  15115.25               11:00:00 |    8.0    6.2    +4.0   1.03 |   10.5   20.1   47.5    0.03     5.0    81.4   -17.5    2.82    0.3    0.8    0.8    0.2   68.4    0.1    82.4    83.8     -36   29.4   32.5
2023-08-21   SHORT  14973.25 14968.50    4.75  14957.50               11:10:00 |    2.5   11.5   -11.2   0.53 |    9.6   17.5   37.6   -0.08   -12.2  -102.9   -89.1   -3.07    0.3    0.1    0.8   -0.7   23.1    0.1    18.6    20.0     -72   21.5   36.7
2023-08-22   LONG   14964.25 14957.00    7.25  14971.75               11:00:00 |    9.0    4.5    -3.2   1.24 |   10.8    8.9   56.2    0.06     8.5   110.1   -13.7    1.35    0.2    0.9    1.0    0.6   88.6    0.1    82.4    78.9     -24   38.6   28.6
2023-08-28   LONG   15099.50 15095.75    3.75  15110.50               11:00:00 |    1.8   11.8   -11.0   0.47 |   11.2   37.0   72.1    0.08    12.0    91.7    -3.9   -0.06    0.5    0.8    1.5    0.8   92.1    0.1    85.4    79.5      80   51.2   15.4
2023-08-29   LONG   15427.00 15423.75    3.25  15435.75               11:00:00 |    7.5    6.2    +2.8   2.31 |    9.1   31.3   67.5    0.06     9.0   152.7   -10.2   -0.53    0.2    1.0    1.4    0.5   91.9    0.1    87.8    85.0      96   35.6   12.4
2023-08-30   SHORT  15514.75 15509.50    5.25  15508.00               11:00:00 |    5.0    4.5    +0.0   0.95 |    9.8    9.6   53.4   -0.01    -1.0    54.6   -23.4    0.02    0.2    0.6    0.6   -0.6   91.9    0.1    86.8    88.2     -36   26.8   24.8
2023-09-05   LONG   15523.25 15513.00   10.25  15524.50               11:55:00 |    2.5    7.5    -2.8   0.24 |    6.1   23.7   47.5    0.04     6.2   127.3    -6.3    1.97    0.1    0.9    0.5    0.1   58.7    0.0    87.0    84.4     -56   15.2   18.7
2023-09-06   LONG   15388.25 15385.00    3.25  15389.00               11:00:00 |    2.0   10.0    -1.2   0.62 |    9.1   14.9   56.7   -0.00    -0.5    68.3   -50.0   -0.35    0.2    0.7    0.5   -0.3   84.5    0.1    51.8    53.0      40   28.1   17.5
2023-09-21   LONG   14853.50 14838.50   15.00  14855.00               11:00:00 |   16.2    1.5    +1.2   1.08 |   13.1   50.3   37.9   -0.02    -2.5   -30.2   -65.6    2.27    0.6    0.4    0.8   -0.3   22.6    0.1    19.5    13.1     -72   30.1   52.0
2023-09-25   SHORT  14956.00 14950.25    5.75  14946.75               11:00:00 |    8.5    1.5    +8.2   1.48 |   12.3   34.1   61.2    0.01     2.0    46.5   -14.0    0.19    0.6    0.6    0.7   -0.2   85.5    0.1    91.8    94.3      72   45.4   25.1
2023-10-10   LONG   15282.75 15276.50    6.25  15284.25               11:45:00 |    7.0    2.2    +3.0   1.12 |    7.0   22.0   52.0    0.01     1.5   124.7    -4.9    0.93    0.0    1.0    0.5    0.7   47.2    0.0    85.6    76.7      -4   14.0   16.8
2023-10-11   SHORT  15413.00 15404.50    8.50  15402.75               11:00:00 |    5.8    4.2    -1.5   0.68 |   11.2   52.8   67.0   -0.05    -7.2    40.9   -29.6   -1.93    0.7    0.6    0.6   -0.6   83.2    0.1    83.5    88.6      48   46.1   19.4
2023-10-12   SHORT  15325.00 15319.25    5.75  15314.25               11:00:00 |    0.8   14.8    -8.0   0.13 |   11.9   24.3   48.2   -0.02    -3.5   -27.9   -83.1    0.19    0.1    0.3    1.0   -0.9   37.2    0.1    38.7    46.9      44   33.1   26.4
2023-10-16   SHORT  15307.50 15298.00    9.50  15297.50               11:05:00 |   18.2    3.0   +16.8   1.92 |   10.4    9.2   45.8   -0.03    -4.5   -71.7   -39.1   -0.82    0.2    0.3    0.3   -0.3   34.7    0.1    58.1    57.6     -28   26.9   33.4
2023-10-17   SHORT  15248.50 15235.50   13.00  15228.00               11:00:00 |    2.8    7.0    -1.8   0.21 |   12.8   19.8   47.5   -0.03    -4.5     0.9   -80.9    0.56    0.3    0.4    1.3   -0.5   72.2    0.1    60.7    75.6      44   32.9   38.7
2023-10-18   SHORT  15073.00 15061.00   12.00  15041.00               11:00:00 |   11.2   12.8    +7.8   0.94 |   16.0   12.0   42.6   -0.14   -21.5    -6.2   -57.4    2.34    0.6    0.4    0.8   -1.0   85.5    0.1    72.5    83.0     -40   40.5   60.8
2023-10-19   SHORT  14853.00 14843.50    9.50  14842.25               11:05:00 |   21.2    5.8   +15.0   2.24 |   19.2   27.1   36.1   -0.12   -17.2   -78.0   -76.5    3.55    0.6    0.3    1.0    0.2   29.1    0.1    18.8    15.3     -96   37.3   71.4
2023-10-23   LONG   14753.00 14738.50   14.50  14753.25               12:25:00 |   10.0   20.8   -13.0   0.69 |    7.3   11.1   55.8    0.07    10.8   148.9   -10.9    1.51    0.1    0.9    1.0    0.4   73.5    0.0    87.4    88.7      92   21.0   16.0
2023-10-26   LONG   14249.00 14183.00   66.00  14265.00               11:00:00 |   37.0    4.2   +31.8   0.56 |   27.4   18.3   59.3    0.11    16.0   132.2   -15.1    1.31    0.6    0.9    0.7    0.2   54.8    0.2    54.6    43.8     -36  116.2   84.9

--- 2023 INDICATOR RANGES AT BREAKOUT (Min / Max across all 56 breakout days) ---
Indicator                    |          Min |          Max |         Mean |       Median |          Std
----------------------------------------------------------------------------------------------------
ATRr_14                      |       5.3020 |      29.8878 |      11.3406 |      10.3960 |       4.4917
ADX_14                       |       8.8696 |      73.8395 |      24.3892 |      20.5137 |      12.2090
rsi                          |      33.6872 |      73.6029 |      50.5679 |      47.5171 |      11.0822
roc                          |      -0.2449 |       0.1614 |      -0.0096 |      -0.0073 |       0.0780
mom                          |     -31.5000 |      20.5000 |      -1.2857 |      -1.1250 |      10.9550
MACD_12_26_9                 |     -46.3545 |      22.1170 |       0.1738 |      -0.3575 |      10.7653
MACDh_12_26_9                |      -3.8740 |       6.3412 |       0.0465 |      -0.0334 |       2.0648
MACDs_12_26_9                |     -52.6957 |      24.6180 |       0.1273 |       0.3975 |      12.0562
cci                          |    -325.4679 |     276.2848 |      -1.5410 |      -2.6702 |     109.7375
willr                        |     -95.7143 |      -1.0870 |     -45.4933 |     -40.4723 |      31.4401
BBU_20_2.0_2.0               |   12702.7839 |   15856.9538 |   14570.5617 |   15053.8094 |    1024.7572
BBM_20_2.0_2.0               |   12695.4875 |   15834.3875 |   14545.5837 |   15017.5438 |    1026.3405
BBL_20_2.0_2.0               |   12609.2195 |   15811.8212 |   14520.6057 |   14977.5788 |    1028.2580
bb_width                     |       0.0442 |       2.0105 |       0.3471 |       0.2977 |       0.2803
bb_pct_b                     |      -0.3009 |       1.3046 |       0.4921 |       0.4433 |       0.3282
STOCHk_14_3_3                |       5.8694 |      91.7947 |      56.0833 |      59.4823 |      28.9317
STOCHd_14_3_3                |       7.9766 |      94.3203 |      56.7051 |      62.4926 |      29.0219
mfi                          |       5.9326 |      95.5571 |      54.2429 |      54.4124 |      25.5805
natr                         |       0.0390 |       0.2349 |       0.0785 |       0.0736 |       0.0329
obv                          |  867469.0000 | 2969151.0000 | 1728373.4107 | 1754881.5000 |  569193.4248
AROONU_25                    |       0.0000 |     100.0000 |      36.2143 |      22.0000 |      35.5439
AROOND_25                    |       0.0000 |     100.0000 |      38.2143 |      40.0000 |      31.8078
AROONOSC_25                  |     -96.0000 |     100.0000 |      -2.0000 |     -18.0000 |      58.6937
DMP_14                       |      10.9469 |     116.2180 |      31.9568 |      29.1580 |      16.7517
DMN_14                       |      10.5993 |     132.5621 |      33.7675 |      28.4040 |      21.8011
vol_ratio                    |       0.1779 |       3.5593 |       0.8463 |       0.7133 |       0.5919
clv                          |      -1.0000 |       1.0000 |      -0.1034 |      -0.0532 |       0.5644
range_width                  |       3.2500 |      66.0000 |      12.3125 |       9.5000 |      12.5921
range_pct                    |       0.0211 |       0.4801 |       0.0869 |       0.0632 |       0.0947

--- 2023 BREAKOUT MAGNITUDE ---
Metric                       |          Min |          Max |         Mean |       Median
-------------------------------------------------------------------------------------
mfe                          |        -0.50 |        75.75 |         9.33 |         5.75
mae                          |        -0.50 |        41.75 |        10.46 |         8.38
mfe_30                       |        -0.50 |        75.75 |         7.96 |         5.38
mae_30                       |        -0.50 |        21.00 |         7.36 |         6.12
end_excursion                |       -36.50 |        52.00 |        -0.61 |        -1.75
mfe_range_ratio              |        -0.10 |         4.00 |         0.91 |         0.66
mfe_mae_ratio                |        -0.03 |        99.00 |         5.02 |         0.58

############################################################################################################################################
# YEAR 2024 -- 58 BREAKOUTS
############################################################################################################################################

--- ALL BREAKOUT DAYS 2024 ---
Date         Side     RangeH   RangeL  RngWid   BOPrice                 BOTime |    MFE    MAE  EndExc  MFE/R |    ATR    ADX    RSI     ROC     MOM     CCI   WillR   MACDh  BBwid   BB%B   VolR    CLV    MFI   NATR  StochK  StochD  AroonO    DMP    DMN
------------------------------------------------------------------------------------------------------------------------------------------------------------------------------------------------------------------------------------------------
2024-03-11   LONG   18258.00 18229.25   28.75  18269.25               11:05:00 |   25.0    0.2   +11.2   0.87 |   16.4   25.1   65.9    0.19    34.0   164.0    -2.1    3.72    0.4    1.1    1.2    0.8   89.5    0.1    87.3    81.0      60   70.9   22.1
2024-03-14   SHORT  18272.25 18255.25   17.00  18253.00               11:00:00 |   10.8   10.5    +9.8   0.63 |   18.1   16.1   48.7   -0.04    -6.8    19.0   -80.4    1.40    0.7    0.5    0.6   -0.6   67.9    0.1    48.7    62.5      20   53.5   57.2
2024-03-18   SHORT  18243.75 18222.75   21.00  18213.75               11:00:00 |   38.5    7.0   +36.2   1.83 |   18.1   28.6   34.9   -0.12   -22.2   -99.1   -69.3   -0.58    0.5    0.2    1.0    0.1   26.4    0.1    28.5    28.7     -88   29.1   78.5
2024-03-19   SHORT  18286.50 18267.75   18.75  18260.50               13:00:00 |   13.8    2.5    +7.2   0.73 |    6.6   15.3   35.5   -0.08   -14.2  -281.7   -95.1   -2.07    0.1   -0.3    3.2   -0.7   38.3    0.0    12.4    19.4     -44   12.5   25.9
2024-03-20   SHORT  18545.50 18531.50   14.00  18530.00               11:00:00 |    0.0   33.2   -31.8   0.00 |   21.5   42.7   64.1   -0.01    -2.0    46.8   -17.1   -4.97    0.7    0.6    0.8   -0.4   81.1    0.1    91.3    93.6      76   73.0   33.0
2024-03-21   SHORT  18583.50 18571.50   12.00  18570.00               11:05:00 |    1.0   20.8   -16.8   0.08 |   12.8   24.4   41.7   -0.03    -5.5   -19.5   -54.5    2.09    0.2    0.3    0.6   -1.0   85.1    0.1    70.7    70.3     -20   30.3   41.7
2024-03-26   SHORT  18484.25 18474.50    9.75  18472.50               11:30:00 |    4.5   14.0   -12.2   0.46 |    8.7   47.1   36.8   -0.04    -6.8     2.0   -85.5    2.46    0.2    0.4    0.5   -0.8   46.8    0.0    40.0    52.9     -24   12.1   35.0
2024-04-01   SHORT  18498.50 18493.25    5.25  18489.00               11:00:00 |   16.8    5.2   +10.5   3.19 |   10.8   21.1   50.8   -0.06   -10.8     0.2   -83.6   -0.97    0.2    0.5    1.1   -0.3   73.6    0.1    46.9    59.3      44   26.6   27.7
2024-04-02   SHORT  18346.50 18342.50    4.00  18335.25               11:00:00 |   11.2    1.2    +8.8   2.81 |    9.2   41.8   56.4   -0.04    -6.5    21.8   -56.2   -2.18    0.2    0.4    1.1   -1.0   40.9    0.1    70.2    82.2      96   29.4   17.0
2024-04-03   SHORT  18394.75 18387.25    7.50  18379.25               11:00:00 |    1.5   12.8   -10.5   0.20 |   12.9   20.8   45.3   -0.07   -12.8    24.2   -46.1    1.43    0.4    0.5    0.8   -0.8   43.9    0.1    70.0    78.4     -16   28.8   47.8
2024-04-17   LONG   17668.00 17660.50    7.50  17679.00               11:00:00 |    9.5    5.0    +6.5   1.27 |   19.4   15.5   51.0    0.10    17.5    86.9   -35.9    2.36    0.3    0.7    1.1    0.2   25.3    0.1    43.8    36.2     -52   53.9   47.6
2024-04-18   LONG   17537.00 17518.00   19.00  17540.50               11:00:00 |    2.5   25.0   -21.0   0.13 |   21.4   13.7   48.0    0.01     1.2   -35.6   -56.2    0.89    0.4    0.5    0.5    0.9   43.1    0.1    31.8    23.9      -8   50.5   49.5
2024-04-22   LONG   17347.00 17334.50   12.50  17359.50               11:00:00 |    2.2   30.2   -21.2   0.18 |   16.7   21.2   53.1    0.16    27.5    95.5   -25.3    1.55    0.4    0.7    1.2   -0.1   14.2    0.1    51.5    38.5     -40   62.4   41.6
2024-04-24   SHORT  17522.25 17480.00   42.25  17464.00               11:00:00 |    6.8   22.8    -4.5   0.16 |   31.1   44.0   25.6   -0.45   -79.5  -107.4   -89.2   -8.12    1.8    0.1    0.9    0.7   14.7    0.2    14.2    13.9     -60   34.2  185.6
2024-04-30   SHORT  17530.50 17505.00   25.50  17497.25               11:00:00 |   24.8    5.2    +0.0   0.97 |   32.0   52.8   28.9   -0.37   -65.0   -93.4   -75.7   -2.43    1.7    0.2    0.6    0.7    8.1    0.2    19.1    18.9     -60   26.1  186.6
2024-05-02   LONG   17751.00 17618.00  133.00  17768.25               11:15:00 |    5.8   32.0   -18.8   0.04 |   27.6   33.2   70.8    0.63   111.8   125.4   -20.9    4.46    1.1    0.9    1.7   -0.2   74.4    0.2    82.8    84.1      64  158.2   41.9
2024-05-06   SHORT  18187.50 18183.00    4.50  18178.50               11:00:00 |    2.0   18.5   -14.5   0.44 |    9.3   27.8   57.6   -0.05    -9.5    18.8   -79.5   -1.97    0.4    0.5    1.0   -0.4   72.2    0.1    53.9    66.2      36   29.1   23.8
2024-05-08   LONG   18164.25 18152.75   11.50  18164.75               11:05:00 |   11.2    2.5    +0.8   0.98 |    9.9   18.2   46.9    0.02     4.5   -37.2   -62.5   -0.38    0.3    0.4    0.4    0.6   20.8    0.1    21.9    16.9     -36   23.8   31.9
2024-05-13   SHORT  18292.00 18284.00    8.00  18283.50               11:05:00 |    9.5    5.0    +4.2   1.19 |    7.2   24.3   44.5   -0.03    -5.0  -131.4   -84.3   -0.94    0.1    0.1    0.3   -0.2   49.5    0.0    17.8    17.0      28   13.9   21.5
2024-05-15   LONG   18695.75 18683.50   12.25  18697.25               11:05:00 |   18.5    1.0   +14.5   1.51 |   10.7   20.0   58.5    0.08    15.8   117.2    -6.1   -0.13    0.1    0.9    0.4    0.9   51.4    0.1    81.2    72.0     -36   31.6   24.9
2024-05-16   LONG   18643.50 18633.00   10.50  18646.50               11:00:00 |   10.5    5.2    +3.0   1.00 |   11.7   32.2   42.5    0.03     6.0   -22.6   -75.3    1.30    0.3    0.4    0.9   -0.0    8.6    0.1    14.6    12.9     -68   31.4   35.8
2024-05-20   LONG   18751.00 18744.50    6.50  18752.25               11:00:00 |    2.8    9.2    -6.5   0.42 |    9.4   13.9   50.4    0.06    11.8   -26.2   -61.0   -0.21    0.2    0.5    0.8    0.6   73.8    0.1    29.0    25.1     -32   30.3   31.3
2024-05-22   LONG   18823.25 18765.75   57.50  18863.75               11:00:00 |    2.2   20.8    -7.2   0.04 |   38.0   24.8   63.9    0.38    72.0   174.7   -13.8    5.27    0.8    1.0    0.7    0.0   77.5    0.2    71.3    66.1       0  154.8   77.4
2024-05-28   SHORT  18950.50 18943.50    7.00  18938.00               11:00:00 |    1.2    5.0    -3.5   0.18 |   12.7   25.7   56.3   -0.03    -6.2    34.9   -45.9    0.05    0.6    0.6    1.0   -0.9   84.0    0.1    71.6    76.6      52   50.8   35.7
2024-06-05   SHORT  19091.00 19080.25   10.75  19079.00               11:00:00 |    3.8   26.5   -23.8   0.35 |   12.1   33.3   60.0    0.09    17.5    59.5   -33.7   -0.46    0.4    0.7    1.0   -0.3   63.3    0.1    85.6    91.0      56   44.2   30.6
2024-06-06   SHORT  19069.50 19063.00    6.50  19062.50               11:05:00 |    0.0   18.8   -13.5   0.00 |   10.8   11.0   49.4   -0.02    -4.8    23.4   -34.3   -0.13    0.1    0.5    0.5   -1.0   44.0    0.1    70.6    69.7       8   21.6   26.6
2024-06-13   SHORT  19614.25 19595.50   18.75  19594.50               11:00:00 |    0.5   20.8   -13.0   0.03 |   13.5   18.6   46.4   -0.10   -19.5   -86.8   -88.7   -2.19    0.1    0.1    0.6   -0.7   23.7    0.1    24.0    22.2      40   45.0   34.7
2024-06-27   SHORT  20072.00 20065.00    7.00  20062.50               11:00:00 |    0.8   27.0   -24.8   0.11 |   12.4   10.8   54.1   -0.04    -8.0    35.2   -21.7   -0.51    0.4    0.6    0.7   -0.7   85.3    0.1    83.0    83.8       8   33.2   35.1
2024-07-02   LONG   20246.00 20233.25   12.75  20248.00               11:30:00 |    4.0   14.2    -7.5   0.31 |    9.3   25.6   61.0    0.07    13.2    86.1   -13.5   -1.01    0.1    0.7    0.4    0.2   42.5    0.0    75.3    56.6       4   34.4   18.2
2024-07-09   LONG   20688.75 20684.25    4.50  20691.00               11:05:00 |   12.5    2.8    +9.0   2.78 |    8.5   18.5   63.4    0.05    11.2   106.2   -15.4    0.67    0.2    0.8    0.9    0.0   40.6    0.0    88.3    88.5      84   28.6   16.9
2024-07-15   LONG   20631.00 20616.75   14.25  20634.50               11:00:00 |   12.5    4.5    -2.0   0.88 |   18.0   13.1   59.7    0.14    29.0    98.2    -4.0    3.42    0.4    0.8    1.0    0.5   94.8    0.1    95.1    93.3     -28   64.6   51.9
2024-07-23   SHORT  19980.00 19942.00   38.00  19836.75               11:00:00 |   50.8   11.0   +34.2   1.34 |   32.5   13.6   29.7   -0.45   -90.5  -357.6   -88.2   -6.62    0.7   -0.4    1.1   -0.4   50.5    0.2    40.7    52.9     -48   68.3  206.9
2024-07-30   LONG   18898.25 18825.25   73.00  18955.25               11:00:00 |   42.5    8.5   +14.5   0.58 |   47.1   22.7   58.0    0.85   160.5    56.1   -17.6    9.32    1.4    0.8    1.0    0.9   35.7    0.2    57.8    52.5     -12  185.4  154.1
2024-07-31   LONG   19604.00 19571.00   33.00  19628.00               11:00:00 |   16.5   25.0    +9.5   0.50 |   40.9   25.6   67.0    0.45    88.2   121.9   -10.3    4.30    0.9    1.0    1.0    1.0   80.6    0.2    74.3    69.1      32  163.5   59.7
2024-08-01   SHORT  18974.75 18868.50  106.25  18866.75               11:55:00 |   12.5   85.8   -46.8   0.12 |   41.2   15.9   40.2   -0.27   -51.2  -141.4   -81.8   -4.09    0.6    0.1    1.2    0.4   37.2    0.2    19.9    19.3    -100   97.6  169.7
2024-08-08   SHORT  18576.75 18554.75   22.00  18534.50               11:05:00 |    8.8   48.2   -45.8   0.40 |   30.3   22.3   51.2   -0.09   -17.0    25.2   -72.5   -1.66    0.9    0.5    0.6   -0.9   58.6    0.2    59.8    70.9      40   86.7   73.6
2024-08-13   LONG   19104.75 19087.25   17.50  19116.00               11:00:00 |    7.0   28.2    -6.5   0.40 |   17.3   14.1   62.7    0.00     0.0   106.1   -15.6   -0.87    0.4    0.8    1.6    0.3   78.3    0.1    63.8    55.5      80   64.1   38.7
2024-08-14   SHORT  19157.00 19138.50   18.50  19133.00               11:20:00 |   11.8   13.0    -2.0   0.64 |   15.4   17.5   53.9   -0.04    -8.0   -24.4   -78.5   -2.87    0.3    0.4    0.7   -0.0   26.4    0.1    34.7    47.8      48   42.6   48.9
2024-08-21   LONG   19923.75 19913.25   10.50  19932.00               11:10:00 |   12.0    7.0    -3.5   1.14 |   16.1   10.6   62.6    0.07    14.5   110.4    -3.8    1.09    0.3    0.8    0.5    0.6   70.3    0.1    87.9    83.8      88   46.4   34.4
2024-08-26   SHORT  19572.25 19548.00   24.25  19535.75               11:05:00 |   15.2   15.5    -9.0   0.63 |   19.3   17.2   38.4   -0.18   -34.8  -146.1   -96.9   -1.98    0.3   -0.1    1.1   -0.9   45.3    0.1    16.7    20.8    -100   38.6   68.8
2024-08-28   SHORT  19388.75 19273.50  115.25  19250.00               11:00:00 |  111.0   16.0   +75.8   0.96 |   58.5   27.7   36.5   -0.79  -153.2  -158.3   -75.8  -13.00    1.5    0.1    1.0    0.9   19.5    0.3    28.4    28.8     -56   96.8  274.7
2024-09-03   SHORT  18999.50 18970.25   29.25  18954.50               11:05:00 |    7.5   45.5    +0.2   0.26 |   25.9   37.1   33.5   -0.23   -43.5  -114.0   -91.5    1.47    0.4    0.1    1.2   -0.6   37.6    0.1    28.2    42.5     -32   48.1  118.1
2024-09-04   LONG   18968.75 18950.25   18.50  18978.75               11:00:00 |    6.5   17.2    -9.0   0.35 |   21.4   17.6   56.4    0.22    40.8   116.6   -26.1    3.93    0.3    0.9    1.4    0.4   20.1    0.1    50.6    41.2      32   78.2   40.0
2024-09-05   SHORT  18936.25 18910.25   26.00  18909.00               11:25:00 |   17.8   17.0    +7.0   0.68 |   24.0   17.7   40.2   -0.03    -6.5   -85.8   -85.3   -1.22    0.6    0.3    0.5    0.2   38.4    0.1    12.1    12.1      20   51.1   82.7
2024-09-11   SHORT  19256.00 19241.25   14.75  19234.50               11:00:00 |    2.2   15.5   -10.0   0.15 |   22.2   48.4   61.4   -0.05    -9.0     8.3   -90.1   -8.72    0.5    0.5    0.7   -0.3   60.1    0.1    41.9    54.8      44   91.5   47.7
2024-09-18   LONG   19661.75 19620.00   41.75  19673.75               11:15:00 |   14.0   19.2   -15.8   0.34 |   37.4   13.9   53.0    0.15    30.0   131.0    -7.3    6.70    0.5    0.9    0.7    0.5   58.6    0.2    88.5    86.7     -16  110.8   97.7
2024-09-26   LONG   20354.75 20342.00   12.75  20360.50               11:05:00 |   21.5    9.0    +3.2   1.69 |   14.0   13.8   61.5    0.07    14.8   203.6   -19.5   -1.20    0.1    1.0    1.1    0.4   67.9    0.1    69.8    60.9     100   46.6   25.1
2024-10-01   SHORT  19975.25 19956.50   18.75  19936.25               11:00:00 |   32.8    9.8   +14.5   1.75 |   23.3   24.5   33.1   -0.25   -50.0  -115.6   -98.5   -4.58    0.4    0.0    1.5   -1.0   56.9    0.1     7.2     7.2    -100   39.0   84.9
2024-10-02   SHORT  20072.50 20046.25   26.25  20045.75               11:45:00 |   16.2   11.2    -6.5   0.62 |   11.6   11.3   47.9   -0.07   -13.5   -70.4   -79.3   -2.32    0.2    0.2    0.3   -0.3   48.3    0.1    26.9    32.0      32   31.5   38.5
2024-10-07   SHORT  20033.25 20012.75   20.50  20008.00               11:20:00 |  105.5    4.8   +22.5   5.15 |   15.7   17.0   41.6   -0.04    -9.0   -38.4   -89.9    2.22    0.2    0.4    0.7   -0.4   52.1    0.1    21.7    35.7      64   39.9   53.1
2024-10-08   SHORT  20294.00 20282.50   11.50  20281.25               11:25:00 |   10.0   15.8    +4.2   0.87 |   11.2   25.5   49.4   -0.05    -9.2   -90.3   -88.2   -2.70    0.2    0.3    0.3   -0.4   46.4    0.1    19.2    26.4     -12   32.4   24.2
2024-10-10   SHORT  20441.50 20431.50   10.00  20428.00               11:00:00 |    2.8   24.5   -19.2   0.28 |   12.6   16.4   50.4    0.02     4.8    46.3   -55.1    0.76    0.2    0.5    1.0   -0.9   58.3    0.1    66.9    78.5      36   34.3   31.2
2024-10-15   SHORT  20343.00 20329.25   13.75  20314.25               11:00:00 |   -0.5   49.8   -44.2  -0.04 |   19.3   11.8   43.1   -0.05   -10.5    -9.5   -83.8    1.43    0.4    0.4    1.5   -0.6   72.5    0.1    49.0    63.9      20   43.3   69.7
2024-10-17   SHORT  20390.00 20381.75    8.25  20381.25               11:00:00 |    5.5   32.2   -23.2   0.67 |   16.6   30.9   43.7   -0.05   -10.5    -0.0   -53.9    1.70    0.2    0.4    0.6   -0.5   55.0    0.1    50.9    52.8     -28   33.4   46.5
2024-10-21   SHORT  20547.50 20532.25   15.25  20531.50               11:00:00 |   16.5   11.0    +4.8   1.08 |   13.1   25.4   60.6    0.02     4.0    45.8   -37.4   -0.45    0.5    0.6    1.1   -0.5   89.7    0.1    77.0    85.7      84   45.4   36.5
2024-10-24   SHORT  20397.00 20374.25   22.75  20373.25               12:00:00 |   10.0   18.8   -13.5   0.44 |    9.3    8.1   43.3   -0.05   -10.0  -113.0   -95.3   -1.49    0.1    0.1    1.0   -0.7   37.2    0.0    18.5    25.0     -28   23.4   31.2
2024-10-29   LONG   20717.75 20702.00   15.75  20725.75               11:00:00 |   37.8   -0.2   +10.8   2.40 |   20.4   16.1   55.4   -0.12   -25.8    27.4   -43.9   -2.25    0.3    0.6    0.6    0.0   49.8    0.1    44.7    38.5       4   74.9   52.2
2024-10-31   LONG   20100.50 20012.50   88.00  20101.50               11:30:00 |   10.2   36.0   -20.8   0.12 |   26.7   13.6   59.3    0.34    67.5   139.1    -0.8    5.16    0.4    1.0    0.4    0.9   42.5    0.1    84.9    78.7      -8   92.5   60.9

--- 2024 INDICATOR RANGES AT BREAKOUT (Min / Max across all 58 breakout days) ---
Indicator                    |          Min |          Max |         Mean |       Median |          Std
----------------------------------------------------------------------------------------------------
ATRr_14                      |       6.5740 |      58.5398 |      19.3155 |      16.4727 |      10.8638
ADX_14                       |       8.0617 |      52.8280 |      22.7217 |      20.4351 |      10.3765
rsi                          |      25.5567 |      70.8131 |      50.1120 |      50.6071 |      10.7470
roc                          |      -0.7898 |       0.8540 |      -0.0030 |      -0.0337 |       0.2399
mom                          |    -153.2500 |     160.5000 |      -0.6767 |      -6.3750 |      45.2885
MACD_12_26_9                 |     -48.4305 |      36.0619 |       0.4368 |       1.6301 |      15.7481
MACDh_12_26_9                |     -13.0007 |       9.3195 |      -0.2772 |      -0.4138 |       3.7076
MACDs_12_26_9                |     -46.0018 |      43.0048 |       0.7140 |       1.5284 |      15.4606
cci                          |    -357.5791 |     203.5994 |       1.2457 |      18.9151 |     108.8664
willr                        |     -98.4802 |      -0.8357 |     -53.7859 |     -56.1763 |      32.0390
BBU_20_2.0_2.0               |   17375.7368 |   20751.9924 |   19165.4990 |   19022.9596 |     927.5097
BBM_20_2.0_2.0               |   17344.3750 |   20720.3750 |   19122.3209 |   18974.9437 |     936.6392
BBL_20_2.0_2.0               |   17313.0132 |   20688.7576 |   19079.1428 |   18940.3908 |     946.9511
bb_width                     |       0.0897 |       1.7817 |       0.4576 |       0.3697 |       0.3817
bb_pct_b                     |      -0.3690 |       1.0507 |       0.4880 |       0.4921 |       0.3257
STOCHk_14_3_3                |       7.1990 |      95.0708 |      50.5903 |      49.8170 |      26.2893
STOCHd_14_3_3                |       7.1865 |      93.5799 |      52.1675 |      53.8833 |      25.9176
mfi                          |       8.0795 |      94.7834 |      51.7088 |      49.6259 |      22.5181
natr                         |       0.0360 |       0.3041 |       0.1014 |       0.0843 |       0.0576
obv                          | -2825687.0000 |  557555.0000 | -1349166.9138 | -1127056.5000 |  986013.0965
AROONU_25                    |       0.0000 |     100.0000 |      44.8966 |      44.0000 |      31.1829
AROOND_25                    |       0.0000 |     100.0000 |      40.6207 |      32.0000 |      31.7959
AROONOSC_25                  |    -100.0000 |     100.0000 |       4.2759 |       4.0000 |      52.5069
DMP_14                       |      12.0901 |     185.4124 |      55.0890 |      43.7569 |      38.0119
DMN_14                       |      16.8557 |     274.6571 |      60.4252 |      41.6499 |      52.3995
vol_ratio                    |       0.3063 |       3.1502 |       0.8919 |       0.8917 |       0.4490
clv                          |      -1.0000 |       0.9568 |      -0.0992 |      -0.2246 |       0.6219
range_width                  |       4.0000 |     133.0000 |      24.5172 |      15.5000 |      27.1609
range_pct                    |       0.0218 |       0.7521 |       0.1291 |       0.0763 |       0.1457

--- 2024 BREAKOUT MAGNITUDE ---
Metric                       |          Min |          Max |         Mean |       Median
-------------------------------------------------------------------------------------
mfe                          |        -0.50 |       111.00 |        15.01 |        10.12
mae                          |        -0.25 |        85.75 |        17.32 |        14.88
mfe_30                       |        -0.50 |       105.50 |        11.49 |         7.00
mae_30                       |        -0.25 |        77.75 |        13.18 |         9.00
end_excursion                |       -46.75 |        75.75 |        -3.55 |        -4.00
mfe_range_ratio              |        -0.04 |         5.15 |         0.82 |         0.54
mfe_mae_ratio                |        -0.01 |        99.00 |         5.55 |         0.65

############################################################################################################################################
# OVERALL INDICATOR RANGES -- ALL BREAKOUT DAYS 2020-2024 (289 breakouts)
############################################################################################################################################

Indicator                    |          Min |          Max |         Mean |       Median |          Std |  Count
---------------------------------------------------------------------------------------------------------
ATRr_14                      |       4.0107 |      58.5398 |      16.6922 |      14.0629 |       9.2872 |    289
ADX_14                       |       6.1534 |      73.8395 |      25.0653 |      22.0356 |      12.7559 |    289
rsi                          |      19.2276 |      76.6225 |      50.4208 |      50.4462 |      11.3700 |    289
roc                          |      -1.7922 |       1.1568 |       0.0030 |       0.0000 |       0.2922 |    289
mom                          |    -216.0000 |     160.5000 |       0.1211 |       0.0000 |      33.7727 |    289
MACD_12_26_9                 |     -74.0823 |      62.7815 |      -1.1936 |       0.3439 |      16.2277 |    289
MACDh_12_26_9                |     -15.9351 |      11.1800 |      -0.0136 |      -0.0650 |       3.4253 |    289
MACDs_12_26_9                |     -70.4477 |      67.8070 |      -1.1799 |       0.8158 |      16.9580 |    289
cci                          |    -357.5791 |     285.3047 |       1.6495 |       5.8391 |     107.3094 |    289
willr                        |     -99.7079 |      -0.5682 |     -47.5117 |     -45.3488 |      31.8756 |    289
BBU_20_2.0_2.0               |    7060.3451 |   20751.9924 |   14009.6277 |   13711.8234 |    3276.0606 |    289
BBM_20_2.0_2.0               |    6953.3625 |   20720.3750 |   13971.3455 |   13699.9625 |    3281.4660 |    289
BBL_20_2.0_2.0               |    6846.3799 |   20688.7576 |   13933.0633 |   13688.1016 |    3287.2135 |    289
bb_width                     |       0.0442 |       5.4063 |       0.6118 |       0.4269 |       0.6757 |    289
bb_pct_b                     |      -0.3779 |       1.3408 |       0.5024 |       0.4987 |       0.3310 |    289
STOCHk_14_3_3                |       4.2736 |      95.6617 |      53.6238 |      54.6159 |      26.3259 |    289
STOCHd_14_3_3                |       6.8552 |      95.5923 |      53.9619 |      54.8346 |      26.4593 |    289
mfi                          |       3.5765 |      98.3357 |      52.2659 |      50.5518 |      24.2522 |    289
natr                         |       0.0275 |       0.7941 |       0.1322 |       0.1001 |       0.1004 |    289
obv                          | -3463925.0000 | 2969151.0000 | -320883.2907 | -127017.0000 | 1523057.9472 |    289
AROONU_25                    |       0.0000 |     100.0000 |      40.9412 |      36.0000 |      34.6442 |    289
AROOND_25                    |       0.0000 |     100.0000 |      42.1592 |      40.0000 |      31.7558 |    289
AROONOSC_25                  |    -100.0000 |     100.0000 |      -1.2180 |     -12.0000 |      56.3546 |    289
DMP_14                       |       6.1014 |     257.5615 |      46.5491 |      36.5047 |      32.3454 |    289
DMN_14                       |       8.6134 |     274.6571 |      52.2339 |      40.0378 |      42.5230 |    289
vol_ratio                    |       0.1779 |       5.2950 |       0.9182 |       0.7731 |       0.6482 |    289
clv                          |      -1.0000 |       1.0000 |      -0.0297 |       0.0000 |       0.6160 |    289
range_width                  |       3.2500 |     197.7500 |      20.0597 |      13.2500 |      21.9695 |    289
range_pct                    |       0.0211 |       1.7939 |       0.1601 |       0.0977 |       0.1993 |    289

--- OVERALL BREAKOUT MAGNITUDE ---
Metric                       |          Min |          Max |         Mean |       Median
-------------------------------------------------------------------------------------
mfe                          |        -0.50 |       140.25 |        14.41 |         9.00
mae                          |        -0.75 |       176.00 |        15.71 |        11.75
mfe_30                       |        -1.00 |       140.25 |        11.79 |         7.00
mae_30                       |        -0.75 |       137.50 |        11.60 |         7.75
end_excursion                |      -175.75 |        75.75 |        -1.94 |        -2.25
mfe_range_ratio              |        -0.10 |         6.65 |         0.89 |         0.62
mfe_mae_ratio                |        -0.03 |        99.00 |         5.40 |         0.74

############################################################################################################################################
# RELATIVE BREAKOUT VALUE -- How far price moves after breakout
############################################################################################################################################

Breakout distance in points (MFE = max favorable excursion in 60 min):
  Year | Side   |  Avg MFE |  Med MFE |  Min MFE |  Max MFE | Avg End Exc | Avg Range | MFE/Range | Trades
---------------------------------------------------------------------------------------------------------
  2020 | LONG   |     16.1 |     10.1 |      0.2 |     75.0 |        -1.5 |      23.0 |      0.74 |     44
  2020 | SHORT  |     21.1 |     17.0 |      2.5 |     48.5 |       -12.1 |      32.0 |      0.92 |     25
  2020 | ALL    |     17.9 |     12.8 |      0.2 |     75.0 |        -5.3 |      26.2 |      0.80 |     69

  2021 | LONG   |     12.4 |      8.2 |      0.2 |     53.5 |        +3.3 |      16.4 |      1.04 |     31
  2021 | SHORT  |      8.9 |      4.2 |      0.2 |     45.5 |        -2.5 |      11.9 |      0.69 |     21
  2021 | ALL    |     11.0 |      7.2 |      0.2 |     53.5 |        +1.0 |      14.6 |      0.90 |     52

  2022 | LONG   |     26.2 |     18.9 |      0.5 |    140.2 |        +9.0 |      28.2 |      1.35 |     22
  2022 | SHORT  |     12.1 |      9.0 |      0.0 |     45.0 |        -6.4 |      15.5 |      0.86 |     32
  2022 | ALL    |     17.9 |     13.0 |      0.0 |    140.2 |        -0.1 |      20.7 |      1.06 |     54

  2023 | LONG   |      9.1 |      7.2 |     -0.5 |     37.0 |        +0.0 |      14.1 |      0.88 |     24
  2023 | SHORT  |      9.5 |      5.4 |      0.0 |     75.8 |        -1.1 |      11.0 |      0.93 |     32
  2023 | ALL    |      9.3 |      5.8 |     -0.5 |     75.8 |        -0.6 |      12.3 |      0.91 |     56

  2024 | LONG   |     13.1 |     10.9 |      2.2 |     42.5 |        -2.6 |      29.1 |      0.81 |     22
  2024 | SHORT  |     16.2 |      9.8 |     -0.5 |    111.0 |        -4.1 |      21.7 |      0.82 |     36
  2024 | ALL    |     15.0 |     10.1 |     -0.5 |    111.0 |        -3.5 |      24.5 |      0.82 |     58


############################################################################################################################################
# CORRELATION: Each indicator value vs. breakout magnitude (MFE)
# Pearson r: +1 = more of indicator = bigger breakout, -1 = inverse
############################################################################################################################################

Indicator                    |   r vs MFE |  r vs EndExc | r vs MFE/R | Interpretation                                    
-----------------------------------------------------------------------------------------------------------------------------
ATRr_14                      |    +0.5122 |      -0.0077 |    -0.0579 | STRONG: Higher ATRr_14 = bigger breakout
ADX_14                       |    +0.0597 |      +0.0197 |    -0.0178 | No relationship
rsi                          |    -0.1391 |      +0.0457 |    +0.0059 | Moderate: Lower rsi = slightly bigger breakout
roc                          |    -0.0657 |      +0.1498 |    -0.0366 | No relationship
mom                          |    -0.1043 |      +0.0825 |    -0.0496 | Moderate: Lower mom = slightly bigger breakout
MACD_12_26_9                 |    -0.2709 |      -0.0116 |    +0.0134 | Moderate: Lower MACD_12_26_9 = slightly bigger breakout
MACDh_12_26_9                |    -0.0329 |      +0.1091 |    -0.0110 | No relationship
MACDs_12_26_9                |    -0.2526 |      -0.0331 |    +0.0151 | Moderate: Lower MACDs_12_26_9 = slightly bigger breakout
cci                          |    -0.0967 |      +0.0372 |    +0.0024 | No relationship
willr                        |    -0.0465 |      +0.0818 |    +0.0383 | No relationship
BBU_20_2.0_2.0               |    -0.1128 |      +0.0526 |    -0.0034 | Moderate: Lower BBU_20_2.0_2.0 = slightly bigger breakout
BBM_20_2.0_2.0               |    -0.1167 |      +0.0530 |    -0.0025 | Moderate: Lower BBM_20_2.0_2.0 = slightly bigger breakout
BBL_20_2.0_2.0               |    -0.1205 |      +0.0535 |    -0.0017 | Moderate: Lower BBL_20_2.0_2.0 = slightly bigger breakout
bb_width                     |    +0.3650 |      -0.1496 |    -0.0715 | STRONG: Higher bb_width = bigger breakout
bb_pct_b                     |    -0.0816 |      +0.0472 |    -0.0015 | No relationship
STOCHk_14_3_3                |    -0.1325 |      -0.0064 |    +0.0352 | Moderate: Lower STOCHk_14_3_3 = slightly bigger breakout
STOCHd_14_3_3                |    -0.1305 |      -0.0340 |    +0.0523 | Moderate: Lower STOCHd_14_3_3 = slightly bigger breakout
mfi                          |    -0.1244 |      -0.0173 |    +0.0283 | Moderate: Lower mfi = slightly bigger breakout
natr                         |    +0.4640 |      -0.0946 |    -0.0419 | STRONG: Higher natr = bigger breakout
obv                          |    -0.2227 |      +0.0369 |    -0.0498 | Moderate: Lower obv = slightly bigger breakout
AROONU_25                    |    +0.0358 |      +0.0229 |    +0.1287 | No relationship
AROOND_25                    |    +0.1794 |      +0.0267 |    -0.0243 | Moderate: Higher AROOND_25 = slightly bigger breakout
AROONOSC_25                  |    -0.0791 |      -0.0010 |    +0.0928 | No relationship
DMP_14                       |    +0.3342 |      +0.0450 |    -0.0991 | STRONG: Higher DMP_14 = bigger breakout
DMN_14                       |    +0.4805 |      -0.0359 |    -0.0365 | STRONG: Higher DMN_14 = bigger breakout
vol_ratio                    |    +0.1051 |      +0.0436 |    +0.1462 | Moderate: Higher vol_ratio = slightly bigger breakout
clv                          |    +0.1189 |      +0.1518 |    +0.0571 | Moderate: Higher clv = slightly bigger breakout
range_width                  |    +0.4689 |      +0.0543 |    -0.1708 | STRONG: Higher range_width = bigger breakout
range_pct                    |    +0.4713 |      -0.0055 |    -0.1476 | STRONG: Higher range_pct = bigger breakout

--- TOP CORRELATED INDICATORS (sorted by |r| vs MFE) ---
  ATRr_14                      r=+0.5122  (higher = bigger BO)
  DMN_14                       r=+0.4805  (higher = bigger BO)
  range_pct                    r=+0.4713  (higher = bigger BO)
  range_width                  r=+0.4689  (higher = bigger BO)
  natr                         r=+0.4640  (higher = bigger BO)
  bb_width                     r=+0.3650  (higher = bigger BO)
  DMP_14                       r=+0.3342  (higher = bigger BO)
  MACD_12_26_9                 r=-0.2709  (lower = bigger BO)
  MACDs_12_26_9                r=-0.2526  (lower = bigger BO)
  obv                          r=-0.2227  (lower = bigger BO)
  AROOND_25                    r=+0.1794  (higher = bigger BO)
  rsi                          r=-0.1391  (lower = bigger BO)
  STOCHk_14_3_3                r=-0.1325  (lower = bigger BO)
  STOCHd_14_3_3                r=-0.1305  (lower = bigger BO)
  mfi                          r=-0.1244  (lower = bigger BO)

############################################################################################################################################
# BUCKETED ANALYSIS: Indicator value buckets -> average breakout distance
############################################################################################################################################

  ATRr_14:
  Bucket Range                        | Count |  Avg MFE |  Avg MAE | Avg EndExc | Avg MFE/R
  ------------------------------------------------------------------------------------------
  (4.01, 9.695]                       |    58 |      8.7 |      8.4 |       -0.5 |      0.89
  (9.695, 12.419]                     |    58 |      8.5 |     13.3 |       -3.2 |      0.86
  (12.419, 15.965]                    |    57 |     13.0 |     13.3 |       -0.4 |      1.05
  (15.965, 22.039]                    |    58 |     15.7 |     16.9 |       -2.8 |      0.98
  (22.039, 58.54]                     |    58 |     26.1 |     26.6 |       -2.9 |      0.68

  ADX_14:
  Bucket Range                        | Count |  Avg MFE |  Avg MAE | Avg EndExc | Avg MFE/R
  ------------------------------------------------------------------------------------------
  (6.151999999999999, 14.241]         |    58 |     13.5 |     14.3 |       -3.7 |      0.86
  (14.241, 19.251]                    |    58 |     15.9 |     13.9 |       +1.7 |      0.98
  (19.251, 25.312]                    |    57 |     11.5 |     15.8 |       -3.1 |      0.84
  (25.312, 33.099]                    |    58 |     16.6 |     16.4 |       -1.7 |      1.00
  (33.099, 73.84]                     |    58 |     14.5 |     18.2 |       -2.8 |      0.78

  rsi:
  Bucket Range                        | Count |  Avg MFE |  Avg MAE | Avg EndExc | Avg MFE/R
  ------------------------------------------------------------------------------------------
  (19.227, 40.478]                    |    58 |     19.4 |     22.2 |       -3.6 |      0.92
  (40.478, 47.474]                    |    58 |     14.7 |     15.1 |       -1.5 |      0.90
  (47.474, 53.402]                    |    57 |     11.9 |     14.8 |       -2.5 |      0.80
  (53.402, 60.545]                    |    58 |     13.5 |     10.5 |       -0.1 |      0.87
  (60.545, 76.623]                    |    58 |     12.4 |     15.9 |       -2.1 |      0.97

  cci:
  Bucket Range                        | Count |  Avg MFE |  Avg MAE | Avg EndExc | Avg MFE/R
  ------------------------------------------------------------------------------------------
  (-357.58, -89.512]                  |    58 |     18.9 |     21.5 |       -3.0 |      0.87
  (-89.512, -22.306]                  |    58 |     14.2 |     15.4 |       -2.2 |      0.87
  (-22.306, 35.172]                   |    57 |     12.5 |     14.3 |       -2.7 |      0.91
  (35.172, 94.633]                    |    58 |     10.7 |     12.7 |       -1.9 |      0.89
  (94.633, 285.305]                   |    58 |     15.7 |     14.6 |       +0.0 |      0.93

  willr:
  Bucket Range                        | Count |  Avg MFE |  Avg MAE | Avg EndExc | Avg MFE/R
  ------------------------------------------------------------------------------------------
  (-99.709, -83.512]                  |    58 |     16.4 |     21.5 |       -5.7 |      0.88
  (-83.512, -57.384]                  |    58 |     14.3 |     16.4 |       -2.0 |      0.79
  (-57.384, -32.29]                   |    57 |     13.6 |     14.0 |       -2.1 |      0.90
  (-32.29, -13.423]                   |    58 |     13.7 |     13.1 |       +1.7 |      0.92
  (-13.423, -0.568]                   |    58 |     13.9 |     13.5 |       -1.7 |      0.97

  bb_width:
  Bucket Range                        | Count |  Avg MFE |  Avg MAE | Avg EndExc | Avg MFE/R
  ------------------------------------------------------------------------------------------
  (0.0432, 0.219]                     |    58 |     10.2 |     10.7 |       -1.9 |      0.87
  (0.219, 0.343]                      |    58 |     11.7 |     12.4 |       -1.5 |      1.06
  (0.343, 0.498]                      |    57 |     11.1 |     17.0 |       -3.3 |      0.82
  (0.498, 0.756]                      |    58 |     15.8 |     14.6 |       +1.6 |      0.94
  (0.756, 5.406]                      |    58 |     23.3 |     24.0 |       -4.6 |      0.76

  vol_ratio:
  Bucket Range                        | Count |  Avg MFE |  Avg MAE | Avg EndExc | Avg MFE/R
  ------------------------------------------------------------------------------------------
  (0.177, 0.461]                      |    58 |     11.8 |     18.7 |       -6.9 |      0.86
  (0.461, 0.668]                      |    58 |     12.4 |     14.1 |       -3.9 |      0.70
  (0.668, 0.948]                      |    57 |     15.6 |     13.2 |       -0.5 |      0.80
  (0.948, 1.198]                      |    58 |     16.6 |     15.8 |       +1.3 |      1.04
  (1.198, 5.295]                      |    58 |     15.7 |     16.7 |       +0.2 |      1.06

  natr:
  Bucket Range                        | Count |  Avg MFE |  Avg MAE | Avg EndExc | Avg MFE/R
  ------------------------------------------------------------------------------------------
  (0.0265, 0.063]                     |    58 |      8.9 |      9.0 |       -1.2 |      0.91
  (0.063, 0.0861]                     |    58 |      9.6 |     11.9 |       -1.9 |      0.88
  (0.0861, 0.123]                     |    57 |     11.0 |     14.4 |       -3.2 |      0.88
  (0.123, 0.183]                      |    58 |     15.5 |     17.4 |       -0.4 |      0.97
  (0.183, 0.794]                      |    58 |     27.0 |     25.8 |       -3.0 |      0.82

  mfi:
  Bucket Range                        | Count |  Avg MFE |  Avg MAE | Avg EndExc | Avg MFE/R
  ------------------------------------------------------------------------------------------
  (3.575, 27.704]                     |    58 |     19.1 |     20.6 |       -2.3 |      0.84
  (27.704, 43.563]                    |    58 |     13.6 |     15.7 |       -0.0 |      0.87
  (43.563, 57.568]                    |    57 |     16.2 |     12.5 |       +0.6 |      1.02
  (57.568, 78.989]                    |    58 |     10.1 |     17.7 |       -6.8 |      0.77
  (78.989, 98.336]                    |    58 |     13.0 |     12.0 |       -1.1 |      0.97

  range_width:
  Bucket Range                        | Count |  Avg MFE |  Avg MAE | Avg EndExc | Avg MFE/R
  ------------------------------------------------------------------------------------------
  (3.249, 7.75]                       |    62 |      6.8 |     11.1 |       -3.7 |      1.17
  (7.75, 11.3]                        |    54 |      9.3 |     12.5 |       -2.3 |      0.98
  (11.3, 16.2]                        |    57 |     11.5 |     13.8 |       -1.2 |      0.85
  (16.2, 25.1]                        |    58 |     17.1 |     16.7 |       -2.1 |      0.85
  (25.1, 197.75]                      |    58 |     27.5 |     24.6 |       -0.3 |      0.60

  mom:
  Bucket Range                        | Count |  Avg MFE |  Avg MAE | Avg EndExc | Avg MFE/R
  ------------------------------------------------------------------------------------------
  (-216.001, -12.75]                  |    59 |     21.1 |     22.6 |       -3.1 |      0.97
  (-12.75, -4.45]                     |    57 |     10.6 |     14.5 |       -3.6 |      0.83
  (-4.45, 4.95]                       |    57 |      8.1 |     12.1 |       -4.2 |      0.84
  (4.95, 17.0]                        |    59 |     15.0 |     12.1 |       +2.4 |      1.12
  (17.0, 160.5]                       |    57 |     17.0 |     17.0 |       -1.3 |      0.68

  STOCHk_14_3_3:
  Bucket Range                        | Count |  Avg MFE |  Avg MAE | Avg EndExc | Avg MFE/R
  ------------------------------------------------------------------------------------------
  (4.273, 24.14]                      |    58 |     18.4 |     20.6 |       -3.9 |      0.88
  (24.14, 45.17]                      |    58 |     15.3 |     15.9 |       +0.5 |      0.86
  (45.17, 64.758]                     |    57 |     13.3 |     14.4 |       -2.0 |      0.79
  (64.758, 82.243]                    |    58 |     14.0 |     12.5 |       +0.3 |      1.01
  (82.243, 95.662]                    |    58 |     11.1 |     15.1 |       -4.6 |      0.91

  AROONOSC_25:
  Bucket Range                        | Count |  Avg MFE |  Avg MAE | Avg EndExc | Avg MFE/R
  ------------------------------------------------------------------------------------------
  (-100.001, -49.6]                   |    58 |     19.3 |     15.1 |       +2.5 |      0.89
  (-49.6, -28.0]                      |    62 |     14.0 |     19.3 |       -5.4 |      0.86
  (-28.0, 19.2]                       |    53 |      9.7 |     13.7 |       -5.1 |      0.64
  (19.2, 56.0]                        |    59 |     14.2 |     15.1 |       -0.0 |      0.95
  (56.0, 100.0]                       |    57 |     14.5 |     14.9 |       -1.8 |      1.11

  DMP_14:
  Bucket Range                        | Count |  Avg MFE |  Avg MAE | Avg EndExc | Avg MFE/R
  ------------------------------------------------------------------------------------------
  (6.1, 23.814]                       |    58 |     10.0 |     10.8 |       -1.3 |      0.82
  (23.814, 32.584]                    |    58 |     12.8 |     11.6 |       +1.8 |      1.07
  (32.584, 44.108]                    |    57 |     12.0 |     16.1 |       -4.5 |      0.96
  (44.108, 63.216]                    |    58 |     13.5 |     16.1 |       -1.9 |      0.98
  (63.216, 257.561]                   |    58 |     23.7 |     24.0 |       -3.7 |      0.63

  DMN_14:
  Bucket Range                        | Count |  Avg MFE |  Avg MAE | Avg EndExc | Avg MFE/R
  ------------------------------------------------------------------------------------------
  (8.612, 24.138]                     |    58 |      8.6 |      8.7 |       +0.2 |      0.99
  (24.138, 35.519]                    |    58 |      9.8 |     11.6 |       -2.4 |      0.91
  (35.519, 47.62]                     |    57 |     10.3 |     16.1 |       -4.9 |      0.81
  (47.62, 69.218]                     |    58 |     14.3 |     19.1 |       -4.0 |      0.83
  (69.218, 274.657]                   |    58 |     29.0 |     23.1 |       +1.4 |      0.91

============================================================================================================================================
END OF REPORT
Full report saved to: E:\source\repos\ml_dashboard\scripts\orb_full_report.txt
