================================================================================================================================================================
ORB COMPLETE REPORT -- MNQ 2020-2024
Every breakout day, indicator min/max ranges, breakout magnitude, indicator-to-distance relationships
================================================================================================================================================================

================================================================================
OVERVIEW: TRADING DAYS vs BREAKOUT DAYS
================================================================================

  Year |  Trading Days |  Breakout Days | Breakout % |   LONG |  SHORT |  No Breakout
-------------------------------------------------------------------------------------
  2020 |           292 |             69 |      23.6% |     44 |     25 |          223
  2021 |           292 |             52 |      17.8% |     31 |     21 |          240
  2022 |           292 |             54 |      18.5% |     22 |     32 |          238
  2023 |           291 |             56 |      19.2% |     24 |     32 |          235
  2024 |           293 |             58 |      19.8% |     22 |     36 |          235
 TOTAL |          1460 |            289 |      19.8% |    143 |    146 |         1171


================================================================================================================================================================
YEAR 2020 -- 69 BREAKOUTS out of 292 TRADING DAYS (23.6%)
================================================================================================================================================================

Date         Side       RngHi     RngLo    RngW     BkOut     Time |    MFE    MAE   EndEx |    ATR    ADX    RSI     ROC     MOM |     CCI   WillR   MACDh    MACD |    BBW   BB%B    StK    StD |    MFI   NATR   VolR    CLV |    DM+    DM-  ArOsc
--------------------------------------------------------------------------------------------------------------------------------------------------------------------------------------------------------------------------------------
2020-03-09   SHORT    7962.00   7912.25   49.75   7864.00 11:00:00 |   48.5  176.0  -175.8 |   42.0   27.0   32.1   -0.87  -68.8 | -120.2  -96.6   -8.56  -37.75 |    3.3    0.1   11.6   15.4 |   20.2    0.5    0.4   -0.6 |   75.3  206.5    -48
2020-03-11   LONG     8033.25   7993.00   40.25   8048.00 11:05:00 |   60.2    7.8   +20.8 |   35.4   11.8   59.1    0.72   57.8 |  100.8  -21.5    4.72    8.01 |    1.8    0.8   52.1   50.3 |   12.1    0.4    0.9    0.8 |   94.0   84.7     24
2020-03-12   SHORT    7223.75   7131.75   92.00   7100.00 11:15:00 |   41.5  147.0   -60.8 |   51.0   23.6   24.3   -1.70 -122.8 |  -94.8  -99.2   -4.95  -74.08 |    5.4    0.1    4.3    6.9 |    3.6    0.7    0.2   -0.9 |   95.4  225.0    -88
2020-03-23   LONG     7031.50   6953.00   78.50   7049.00 11:00:00 |   75.0    8.2   +60.0 |   56.0   17.8   59.5    0.79   55.2 |  148.0  -18.9    8.00   15.18 |    3.1    0.9   72.1   71.4 |   82.8    0.8    0.8    0.0 |  257.6  110.4     56
2020-03-24   LONG     7569.25   7513.25   56.00   7579.50 11:10:00 |   54.0   32.8   -10.5 |   36.3   12.4   65.2    0.49   36.8 |  118.6   -4.0    0.36   31.40 |    1.6    0.9   85.4   83.8 |   86.0    0.5    1.1    0.7 |  117.6   88.7    100
2020-03-25   LONG     7482.25   7449.25   33.00   7528.50 11:00:00 |    2.2   69.0   -65.2 |   43.3   40.3   46.2    0.89   66.8 |  -28.4  -62.6   -0.31  -44.98 |    5.0    0.4   23.1   16.3 |    7.2    0.6    0.7    0.6 |  107.9  153.0    -40
2020-03-30   LONG     7860.00   7847.25   12.75   7865.75 11:20:00 |   20.2   14.0    -6.2 |   19.6    9.0   58.8    0.15   12.0 |  136.6  -15.5   -0.19    5.79 |    0.3    0.8   70.0   62.0 |   45.9    0.2    0.3    0.9 |   42.7   39.3     20
2020-03-31   SHORT    7790.00   7756.50   33.50   7752.25 11:00:00 |   45.0    4.8   +12.0 |   22.1   31.0   36.7   -0.38  -29.8 | -133.0  -96.6    1.07  -16.76 |    0.9    0.1   22.2   33.1 |   73.4    0.3    1.4   -0.8 |   33.5   81.8    -16
2020-04-01   LONG     7467.00   7439.25   27.75   7486.50 11:00:00 |   30.2   15.2   -11.0 |   20.8   21.7   56.5    0.25   18.5 |  149.5  -11.7    6.26   -5.25 |    1.0    1.0   71.7   67.2 |   86.4    0.3    1.7    0.6 |   83.7   52.0    -44
2020-04-07   SHORT    8020.00   7993.25   26.75   7987.25 11:10:00 |    8.0   26.0   -19.2 |   29.3   26.6   35.5   -0.36  -29.2 |  -80.7  -96.2    0.17  -31.46 |    2.3    0.2    9.1    9.4 |   13.0    0.4    1.0   -0.5 |   72.0  116.8    -52
2020-04-08   SHORT    8207.00   8188.75   18.25   8167.50 11:00:00 |    2.8   24.2    -6.0 |   19.7   12.9   40.9   -0.54  -44.5 | -207.1  -88.7   -3.97    0.76 |    0.6   -0.2   34.6   43.4 |   38.3    0.2    1.2   -0.5 |   51.0   80.4      8
2020-04-22   SHORT    8639.25   8629.25   10.00   8620.25 11:00:00 |   14.5   14.8   +10.5 |   14.3   29.8   33.0   -0.33  -28.2 |  -87.4  -94.0   -4.32   -7.20 |    1.0    0.1   12.1   13.2 |   37.1    0.2    1.3   -0.7 |   25.3   54.2    -44
2020-04-28   LONG     8720.00   8696.75   23.25   8766.75 11:00:00 |    8.5   39.8   -26.2 |   24.8   26.2   63.6    1.16  100.2 |  215.0   -5.8    5.46   -1.32 |    1.0    1.1   75.4   71.1 |   57.3    0.3    1.3    0.6 |  103.4   68.7     44
2020-04-30   SHORT    8952.75   8850.00  102.75   8825.75 11:00:00 |   22.8   13.0    -3.8 |   32.9   31.3   30.0   -1.74 -156.5 | -174.3  -96.3  -11.30  -23.14 |    2.0   -0.0   10.0   10.5 |   38.2    0.4    0.5   -0.6 |   48.3  159.3    -40
2020-05-07   LONG     9124.00   9100.75   23.25   9125.00 11:25:00 |   12.8   21.0    -9.2 |   13.5   27.4   65.6    0.09    8.2 |   82.8   -5.1    1.39    6.40 |    0.7    0.8   84.5   79.0 |   78.0    0.1    1.0    0.8 |   33.3   45.6     80
2020-05-11   LONG     9286.25   9256.75   29.50   9288.25 11:00:00 |   23.0    5.5    +3.0 |   16.4   40.2   47.6    0.02    1.5 |  -28.8  -46.4   -0.92   -6.85 |    0.8    0.4   46.7   44.1 |   44.2    0.2    0.8    0.4 |   28.7   59.4    -44
2020-05-12   SHORT    9087.00   9035.25   51.75   9022.50 12:35:00 |   31.5   16.2   -10.0 |   20.6   67.6   26.1   -0.27  -24.5 | -232.9  -85.6    3.74  -21.92 |    0.5   -0.2   34.0   42.0 |   17.5    0.2    3.4   -0.5 |   12.6   89.0   -100
2020-05-13   LONG     9015.75   8992.00   23.75   9027.00 11:00:00 |    3.2   34.0    -6.0 |   28.0   21.8   63.5    0.59   52.8 |   95.9   -3.7    5.02   19.50 |    1.8    0.8   92.6   90.5 |   65.5    0.3    0.8    0.6 |   89.5   60.7     64
2020-05-14   LONG     9092.25   9058.25   34.00   9101.50 12:30:00 |   18.5   16.8    +7.8 |   15.7   10.6   68.7    0.29   26.0 |  233.2  -13.1   -0.95    9.90 |    0.3    1.2   87.0   78.9 |   67.7    0.2    3.0    0.5 |   46.2   32.2     96
2020-05-18   LONG     9327.25   9303.00   24.25   9333.00 11:00:00 |   16.0   17.8    +9.0 |   19.5   35.6   51.7    0.14   13.0 |  -17.8  -45.0   -0.65   -2.79 |    0.6    0.5   42.5   39.5 |   20.9    0.2    1.1    0.9 |   22.7   68.2     32
2020-05-19   LONG     9303.25   9274.75   28.50   9304.25 11:15:00 |   15.8   32.2   +13.5 |   22.9   63.5   42.2    0.06    5.8 |  -22.7  -23.9    2.39  -20.97 |    1.1    0.5   44.1   29.4 |   23.5    0.2    1.0    0.7 |   32.2   96.2    -80
2020-05-20   LONG     9495.00   9482.25   12.75   9496.25 11:00:00 |    4.5   26.5   -10.2 |   18.6   25.1   62.5    0.17   16.0 |  130.4  -12.8    0.75    8.06 |    0.4    0.8   91.8   93.6 |   61.1    0.2    1.4    0.0 |   33.4   43.9     96
2020-05-21   LONG     9364.00   9354.75    9.25   9367.25 11:00:00 |   25.2   16.2   +20.8 |   18.4   54.0   42.5   -0.11  -10.8 |  -91.7  -52.8   -0.78  -10.73 |    0.8    0.3   33.1   28.2 |   31.9    0.2    1.0    1.0 |   13.7   96.5    -68
2020-05-26   SHORT    9414.00   9391.50   22.50   9390.50 12:35:00 |   26.0   17.0    +2.2 |   13.7   51.3   39.7   -0.12  -11.2 | -117.5  -65.7   -0.06   -4.70 |    0.3    0.1   44.8   45.5 |   43.5    0.1    1.0   -0.2 |   16.3   68.3    -60
2020-05-27   SHORT    9448.75   9426.50   22.25   9425.00 11:10:00 |   30.2   14.5   -11.8 |   21.0   18.9   55.6   -0.03   -3.0 |    7.1  -56.9   -3.81   14.29 |    0.7    0.5   54.3   68.5 |   81.2    0.2    0.6    0.8 |   35.3   39.5     72
2020-06-01   SHORT    9599.00   9579.50   19.50   9570.50 11:45:00 |   38.0    8.8    +6.0 |   19.1   71.3   32.6   -0.25  -23.8 | -303.7  -51.8   -2.01   -2.39 |    0.3   -0.3   53.1   64.1 |   22.6    0.2    2.6    0.2 |    6.1   99.3    -76
2020-06-03   LONG     9689.50   9667.00   22.50   9697.25 12:25:00 |   10.2   36.8   -11.2 |   16.1   51.4   62.4    0.20   19.5 |  127.0   -3.1    2.39    0.70 |    0.3    1.0   95.7   93.7 |   67.0    0.2    1.9    0.9 |   26.9   62.1     68
2020-06-04   SHORT    9648.00   9621.25   26.75   9618.25 11:25:00 |    7.2   24.2   -17.8 |   22.3   40.5   42.7   -0.25  -23.8 |   -3.3  -76.4   -0.59    1.07 |    0.6    0.3   46.9   61.4 |   56.1    0.2    1.0   -0.8 |   29.9   65.1     64
2020-06-08   LONG     9887.50   9860.00   27.50   9893.25 13:05:00 |    2.0   49.2   -28.2 |   17.1   55.0   65.1    0.08    7.8 |  166.7  -10.2    0.52    2.58 |    0.2    1.2   85.5   81.1 |   74.3    0.2    3.1    0.7 |   19.8   59.4     64
2020-06-10   LONG    10094.00  10064.25   29.75  10098.00 11:00:00 |    9.0   68.0   -39.2 |   30.8   17.6   50.6    0.24   23.8 |  -38.4  -55.6   -1.80   -2.83 |    1.0    0.4   37.6   35.8 |   17.2    0.3    0.6    0.9 |   48.6   58.5     32
2020-06-15   LONG     9802.25   9788.50   13.75   9815.25 11:00:00 |    7.8   27.5   -11.2 |   17.9   35.6   72.1    0.50   49.2 |  109.5   -6.7    2.11   18.40 |    1.1    0.9   94.7   95.6 |   98.3    0.2    1.8    0.6 |   75.9   25.0     56
2020-06-16   SHORT    9960.00   9953.00    7.00   9942.00 11:00:00 |   23.0   28.0   -26.0 |   18.9   13.1   51.5   -0.00   -0.2 |   41.7  -26.9    2.57    7.61 |    1.1    0.6   86.6   90.3 |   65.7    0.2    0.9   -0.4 |   50.9   59.2     44
2020-06-17   SHORT    9993.00   9973.75   19.25   9970.50 11:15:00 |    4.2   27.2   -19.2 |   14.4   37.6   39.7   -0.10   -9.8 |  -48.0  -68.2    1.20   -6.64 |    0.4    0.3   58.3   68.3 |   79.9    0.1    0.6   -0.4 |   18.6   62.7    -44
2020-06-29   LONG     9997.25   9968.25   29.00   9998.25 11:15:00 |   10.0    6.0    -4.0 |   12.9   32.2   73.7    0.25   24.5 |   78.2   -2.2    2.09   21.76 |    1.4    0.8   92.3   89.4 |   94.8    0.1    0.8    0.8 |   62.6   28.1     88
2020-07-02   LONG    10357.50  10347.00   10.50  10358.25 11:15:00 |    5.0    6.8    -3.0 |    9.7   32.1   47.9    0.02    2.2 |   30.1   -5.3    1.83   -6.20 |    0.5    0.6   86.5   74.5 |   39.5    0.1    0.3    0.1 |   20.3   35.5    -44
2020-07-07   LONG    10531.00  10522.25    8.75  10537.25 11:00:00 |   11.0    2.2    +8.5 |   13.8   45.0   43.1    0.20   20.8 |  -29.1  -56.4    1.97  -15.20 |    0.8    0.4   33.1   29.0 |   28.0    0.1    0.7    0.7 |   28.6   47.1    -48
2020-07-08   LONG    10672.50  10660.50   12.00  10680.75 11:00:00 |    5.0   14.2   -10.5 |   13.6   33.0   72.3    0.25   26.5 |  134.0  -21.7    1.32   17.93 |    0.7    0.9   90.2   92.6 |   87.2    0.1    1.2   -0.4 |   66.4   16.9     92
2020-07-09   LONG    10729.50  10721.75    7.75  10732.00 11:00:00 |    5.0    2.2    +0.0 |   15.1   17.3   53.2   -0.08   -9.0 |  -13.2  -53.2   -2.32    2.19 |    0.5    0.5   46.1   47.2 |   53.9    0.1    0.5    0.6 |   48.4   36.2    -12
2020-07-13   LONG    10610.00  10594.25   15.75  10632.25 11:00:00 |   15.2    4.0   +13.5 |   31.5   57.3   40.9    0.31   33.2 |  -21.0  -48.8   11.18  -59.26 |    2.2    0.5   33.7   25.3 |   51.1    0.3    0.7    0.9 |   71.0  144.7    -48
2020-07-14   LONG    10652.50  10636.00   16.50  10718.25 11:00:00 |    9.0   19.5    -2.8 |   26.4   27.5   71.8    0.42   45.2 |  170.9  -16.8    2.94   21.11 |    1.5    1.0   65.8   63.2 |   70.6    0.2    1.5    0.2 |  162.6   47.9     72
2020-07-16   LONG    10536.75  10522.00   14.75  10541.50 11:10:00 |   24.8    3.8   +23.0 |   18.2   32.7   43.5    0.01    1.5 |  -46.2  -68.2   -2.05  -16.81 |    1.6    0.4   23.2   19.9 |   26.4    0.2    0.3    0.9 |   36.5   70.6    -28
2020-07-20   LONG    10954.25  10945.50    8.75  10956.50 11:05:00 |    5.0   24.8   -13.2 |   10.9   70.7   74.4    0.15   16.2 |   94.1  -51.4   -2.76   17.54 |    0.4    0.8   43.0   47.0 |   53.4    0.1    0.3    0.8 |   64.3    9.5     96
2020-07-21   LONG    10855.00  10843.50   11.50  10857.25 11:30:00 |   26.0   -0.2   +17.5 |   13.1   18.4   51.8    0.03    2.8 |   83.3  -12.3    2.73   -2.08 |    0.5    0.7   77.2   79.5 |   43.6    0.1    0.3    0.2 |   36.5   40.2    -32
2020-07-22   SHORT   10867.00  10824.50   42.50  10823.00 12:55:00 |   17.0   17.0    +4.0 |    9.8   18.8   38.5   -0.20  -21.8 | -136.4  -83.4   -2.20   -3.61 |    0.3    0.0   17.2   23.2 |   15.0    0.1    2.0   -0.1 |   16.8   46.0    -80
2020-07-28   LONG    10549.75  10539.00   10.75  10568.25 11:00:00 |    6.0   14.8    -7.5 |   14.1   32.8   54.5    0.41   42.8 |  138.0  -11.0    5.16  -10.83 |    0.5    0.9   74.9   63.5 |   43.0    0.1    0.9    0.2 |   48.9   40.0    -60
2020-08-06   SHORT   11265.00  11254.00   11.00  11249.75 11:15:00 |    2.5   10.0    -2.2 |    9.5   29.4   51.1   -0.10  -10.8 |  -70.6  -75.3   -3.30    6.98 |    0.2    0.3   54.1   65.6 |   83.4    0.1    0.5   -0.7 |   21.7   25.9    -24
2020-08-11   LONG    10915.75  10884.50   31.25  10938.25 11:00:00 |    8.0   18.2   -13.8 |   22.2   37.4   52.8    0.64   69.5 |  102.5   -7.7    8.88  -17.99 |    1.0    0.8   75.2   63.9 |   38.8    0.2    0.9    0.3 |   81.5   65.2    -40
2020-08-13   LONG    11184.50  11174.75    9.75  11188.25 11:00:00 |    9.2    7.8    +8.8 |   13.5   19.2   55.1    0.16   18.2 |  100.8  -16.8    2.71    0.06 |    0.3    0.8   68.5   63.3 |   32.8    0.1    0.8    0.1 |   36.1   29.5     36
2020-08-17   SHORT   11293.00  11287.25    5.75  11286.00 11:00:00 |    3.0    8.8    -6.8 |    6.7   15.3   49.5    0.02    1.8 |  -43.6  -59.8   -0.80    1.23 |    0.2    0.4   43.6   48.0 |   23.2    0.1    0.5    0.2 |   15.7   18.1    -16
2020-08-19   SHORT   11329.75  11317.00   12.75  11314.75 12:05:00 |   33.5    1.5   +32.5 |    8.4   31.5   34.9   -0.13  -14.8 | -186.7  -87.1    0.71   -6.67 |    0.1   -0.0   14.2   27.3 |   50.6    0.1    1.4   -0.0 |   14.4   34.3     -4
2020-08-24   LONG    11639.00  11628.75   10.25  11639.25 11:00:00 |    2.5    5.8    -3.8 |   11.7   23.3   65.8    0.11   13.0 |   78.9   -8.8    2.21   11.91 |    0.8    0.8   85.7   84.4 |   80.2    0.1    0.8    0.1 |   46.5   23.0     76
2020-08-26   SHORT   12002.00  11982.75   19.25  11974.75 11:00:00 |   13.5    1.8    +6.2 |   14.6   25.4   56.4    0.08    9.8 |   39.4  -41.4   -0.03   15.44 |    0.8    0.6   69.0   76.5 |   70.9    0.1    0.5   -0.6 |   51.1   42.9     64
2020-08-31   LONG    12121.25  12100.25   21.00  12125.25 11:05:00 |    0.2   32.2   -17.5 |   15.7   19.8   52.7    0.24   28.8 |   16.4  -48.2    0.24   -4.04 |    0.6    0.6   42.4   34.6 |   32.1    0.1    0.4    0.9 |   47.7   50.6     -8
2020-09-02   SHORT   12416.00  12406.00   10.00  12404.50 11:00:00 |    4.5   18.0   -15.2 |   13.3   13.0   50.7   -0.05   -6.2 |  -90.6  -82.8   -3.50    5.87 |    0.3    0.2   26.4   35.9 |   33.7    0.1    0.4   -0.4 |   31.5   35.4     48
2020-09-09   LONG    11399.00  11367.25   31.75  11404.50 11:15:00 |   43.2    0.0   +36.0 |   22.7   14.3   51.4    0.07    7.5 |   -1.0  -48.1    1.33   -8.47 |    1.1    0.5   44.3   37.8 |   24.7    0.2    0.4    0.9 |   60.1   57.5    -24
2020-09-10   LONG    11187.75  11162.00   25.75  11198.25 11:00:00 |   25.2    2.0    +9.8 |   35.1   30.4   51.6    0.37   41.5 |  140.2  -17.4    9.40  -13.83 |    0.9    0.9   63.3   60.2 |   52.9    0.3    0.9    0.0 |   93.7   82.0    -20
2020-09-14   LONG    11274.75  11256.00   18.75  11278.50 11:00:00 |   26.2    2.8   +17.0 |   19.6   13.2   56.1    0.15   17.2 |   57.6  -54.9   -0.41    2.98 |    0.6    0.7   26.5   28.1 |   50.2    0.2    1.4    0.6 |   63.3   45.8     40
2020-09-15   LONG    11454.25  11442.50   11.75  11459.50 11:00:00 |    3.5   13.2    -5.5 |   16.9   24.6   61.5    0.30   34.8 |   84.1   -3.5    4.93    8.37 |    1.1    0.8   91.4   89.6 |   73.0    0.1    1.1    0.4 |   63.1   40.9     52
2020-09-16   LONG    11267.25  11234.50   32.75  11268.50 11:05:00 |   21.0    1.8    +8.5 |   23.7   20.9   45.2    0.27   30.5 |   30.3  -45.0    4.84  -19.12 |    0.7    0.6   45.1   41.5 |   41.7    0.2    0.5    0.3 |   68.0   73.3    -60
2020-09-21   SHORT   11009.00  10984.00   25.00  10975.50 11:00:00 |   12.8   10.0    -2.5 |   23.5   41.1   64.0    0.11   11.8 |   33.6  -26.1   -0.25   42.67 |    2.1    0.6   85.2   92.4 |   93.0    0.2    1.0    0.9 |   95.8   68.9     88
2020-09-22   SHORT   11159.75  11144.75   15.00  11127.50 11:15:00 |   33.0   29.5   +26.2 |   15.9   24.0   43.5   -0.19  -21.2 | -157.1  -97.6   -4.96    6.86 |    0.4   -0.1   19.5   23.3 |   17.8    0.1    1.3   -0.9 |   46.4   51.1     36
2020-09-28   LONG    11404.50  11389.75   14.75  11407.00 11:35:00 |    9.5   14.5    +5.5 |   12.4   23.0   69.9    0.07    8.0 |   83.8  -22.0   -1.32   16.53 |    0.7    0.8   79.0   83.6 |   58.3    0.1    1.0    0.2 |   52.1   25.3     88
2020-10-01   SHORT   11587.50  11569.50   18.00  11561.50 11:05:00 |    7.0   43.2   -27.2 |   15.5   15.6   47.0   -0.11  -13.0 |  -15.8  -61.5   -1.54    4.29 |    0.4    0.4   52.4   61.3 |   65.6    0.1    0.6   -0.6 |   41.0   40.9    -28
2020-10-05   LONG    11477.00  11466.00   11.00  11481.00 11:00:00 |   10.2   29.2   -23.0 |   11.2   20.2   60.6   -0.07   -8.5 |  -12.3  -51.2   -2.53    7.02 |    0.3    0.6   21.7   12.5 |   48.2    0.1    0.8    0.9 |   39.0   24.7     60
2020-10-20   LONG    11678.25  11624.50   53.75  11692.75 11:00:00 |   18.8   28.5   +14.0 |   28.1   24.1   52.7    0.25   29.5 |   91.1  -27.3    3.37  -15.03 |    0.7    0.8   47.8   38.0 |   34.3    0.2    0.7    0.6 |   99.8   97.4    -64
2020-10-21   SHORT   11695.75  11678.00   17.75  11677.00 11:00:00 |   15.2   24.5    -1.5 |   19.3   18.5   43.6    0.21   24.5 |  -57.9  -57.4   -1.21   -5.63 |    0.7    0.3   42.4   39.6 |   46.5    0.2    0.5   -0.4 |   37.3   61.3    -48
2020-10-26   LONG    11502.00  11492.00   10.00  11505.00 11:00:00 |    3.8    8.2    -6.5 |   18.0   20.7   63.5    0.09   10.0 |   73.2   -8.9    1.20   17.13 |    1.0    0.8   85.1   83.0 |   78.9    0.2    0.6    0.5 |   71.3   40.8     60
2020-10-28   LONG    11194.25  11162.75   31.50  11196.00 11:30:00 |    5.5   29.2   -17.2 |   19.7   11.5   52.1    0.13   14.2 |   84.4   -3.9    3.50   -4.18 |    0.7    0.8   90.0   86.4 |   82.7    0.2    0.5    0.5 |   53.6   50.0    -20
2020-10-29   SHORT   11342.75  11220.75  122.00  11218.75 11:00:00 |   42.0    3.0    +4.8 |   37.1   36.4   31.0   -0.94 -106.2 | -126.3  -94.2  -15.94  -41.76 |    2.7    0.1   10.4   14.5 |   42.5    0.3    0.6    0.1 |   70.1  211.7   -100

2020 INDICATOR MIN/MAX AT BREAKOUT (69 breakout days out of 292 total):
  These are the min and max values each indicator had when a breakout occurred.
  Indicator              |          MIN |          MAX |         MEAN |       MEDIAN
  --------------------------------------------------------------------------------
  ATR (14)               |       6.6667 |      55.9735 |      20.8069 |      18.5980
  ADX (14)               |       8.9773 |      71.3306 |      29.4193 |      26.1579
  RSI (14)               |      24.3110 |      74.4334 |      51.4801 |      51.6711
  ROC (10)               |      -1.7423 |       1.1568 |       0.0465 |       0.0870
  Momentum (10)          |    -156.5000 |     100.2500 |       5.1993 |       9.7500
  MACD                   |     -74.0823 |      42.6717 |      -2.8256 |      -1.3151
  MACD Histogram         |     -15.9351 |      11.1800 |       0.4405 |       0.3566
  MACD Signal            |     -70.4430 |      42.9255 |      -3.2661 |      -1.4068
  CCI (20)               |    -303.6599 |     233.1880 |      11.1439 |      16.3518
  Williams %R (14)       |     -99.1935 |      -2.1807 |     -43.4054 |     -46.4029
  BB Width %             |       0.1472 |       5.4063 |       1.0353 |       0.7360
  BB %B                  |      -0.2949 |       1.1976 |       0.5410 |       0.5885
  Stoch %K               |       4.2736 |      95.6617 |      54.1151 |      52.1344
  Stoch %D               |       6.8552 |      95.5923 |      54.0401 |      60.1703
  MFI (14)               |       3.5765 |      98.3357 |      50.4376 |      48.2219
  NATR (14)              |       0.0591 |       0.7941 |       0.2205 |       0.1760
  Volume Ratio           |       0.2442 |       3.4489 |       0.9822 |       0.7967
  CLV                    |      -0.9126 |       0.9571 |       0.2135 |       0.3187
  DM+                    |       6.1014 |     257.5615 |      55.2458 |      48.2809
  DM-                    |       9.4935 |     224.9554 |      66.2401 |      57.5393
  Aroon Up               |       0.0000 |     100.0000 |      48.6957 |      48.0000
  Aroon Down             |       0.0000 |     100.0000 |      43.4203 |      40.0000
  Aroon Osc              |    -100.0000 |     100.0000 |       5.2754 |      -8.0000
  Range Width (pts)      |       5.7500 |     122.0000 |      26.2500 |      21.0000
  Range Width (%)        |       0.0509 |       1.2817 |       0.2800 |       0.2226

2020 BREAKOUT MAGNITUDE (how far price moved after breakout):
  Metric                 |        MIN |        MAX |        AVG |     MEDIAN
  ------------------------------------------------------------------------
  MFE (60 min)           |       0.25 |      75.00 |      17.89 |      12.75
  MAE (60 min)           |      -0.25 |     176.00 |      22.30 |      16.25
  MFE (30 min)           |       0.00 |      75.00 |      15.59 |      10.25
  MAE (30 min)           |      -0.25 |     137.50 |      17.07 |      10.75
  End Excursion          |    -175.75 |      60.00 |      -5.33 |      -3.75
  MFE / Range            |       0.01 |       3.29 |       0.80 |       0.56


================================================================================================================================================================
YEAR 2021 -- 52 BREAKOUTS out of 292 TRADING DAYS (17.8%)
================================================================================================================================================================

Date         Side       RngHi     RngLo    RngW     BkOut     Time |    MFE    MAE   EndEx |    ATR    ADX    RSI     ROC     MOM |     CCI   WillR   MACDh    MACD |    BBW   BB%B    StK    StD |    MFI   NATR   VolR    CLV |    DM+    DM-  ArOsc
--------------------------------------------------------------------------------------------------------------------------------------------------------------------------------------------------------------------------------------
2021-03-15   SHORT   13082.25  13068.75   13.50  13068.00 11:05:00 |   12.5    9.8    +6.5 |   12.0   52.2   67.0   -0.06   -7.8 |   46.9  -28.0   -1.13   20.36 |    1.0    0.6   79.5   82.7 |   89.2    0.1    0.2   -0.9 |   59.1   16.1     32
2021-03-16   LONG    13155.75  13145.25   10.50  13164.00 11:00:00 |   10.0    7.0    +2.0 |   16.2   15.8   55.0    0.19   24.8 |   75.3  -36.5    2.52   -0.61 |    0.3    0.8   45.9   36.6 |   32.0    0.1    0.7    0.8 |   49.8   38.6     44
2021-03-17   LONG    13190.25  13170.25   20.00  13203.75 11:00:00 |    7.0   25.2   -11.8 |   23.6   20.6   59.2    0.08   10.8 |    2.8  -20.2   -6.44   11.96 |    0.7    0.6   38.9   26.9 |   35.8    0.2    1.0    0.9 |   95.4   58.5     20
2021-03-24   LONG    12805.00  12792.75   12.25  12806.00 11:05:00 |    9.2   24.5    +6.0 |   15.8   46.5   36.6    0.11   14.2 |  -36.6  -67.3    3.41  -24.44 |    0.9    0.4   25.2   19.0 |   27.3    0.1    0.5    0.6 |   29.3   56.8    -56
2021-03-29   LONG    12973.75  12960.25   13.50  12977.50 11:00:00 |    6.5   12.0    -7.2 |   17.5   10.4   60.2    0.17   21.5 |  113.5   -6.4    0.82    8.73 |    0.4    0.9   79.6   74.8 |   56.6    0.1    0.7    0.5 |   53.9   36.8     88
2021-03-30   SHORT   12895.50  12881.50   14.00  12876.75 11:00:00 |   18.2    1.5    +8.8 |   15.4   11.5   46.8   -0.15  -18.8 |  -76.1  -43.9   -1.75    2.34 |    0.3    0.2   61.8   63.5 |   48.3    0.1    0.8   -0.7 |   35.6   42.1    -16
2021-04-01   LONG    13333.00  13322.00   11.00  13333.75 11:00:00 |    2.0    8.2    +1.2 |    9.5   32.0   68.0    0.15   19.5 |   82.5   -0.6    1.25   10.14 |    0.5    0.8   90.8   89.6 |   93.0    0.1    0.6    1.0 |   33.9   10.2     68
2021-04-07   LONG    13624.00  13614.50    9.50  13625.75 11:25:00 |    3.5   11.0    -7.8 |    8.5   15.4   58.7    0.03    4.0 |   79.0  -20.0    0.52    4.54 |    0.3    0.8   80.1   81.8 |   79.2    0.1    0.4    0.4 |   29.4   17.3    -24
2021-04-19   LONG    13897.25  13887.75    9.50  13899.50 11:00:00 |   12.8    3.2   +10.2 |   13.0   16.1   58.9   -0.03   -4.5 |   89.3  -16.2    1.44    5.70 |    0.4    0.8   77.2   75.1 |   79.3    0.1    0.7   -0.3 |   43.0   27.9     24
2021-04-20   LONG    13748.00  13728.00   20.00  13749.50 11:05:00 |    5.5    6.8    -2.8 |   15.4   24.1   44.9   -0.03   -3.8 |  -45.9  -75.8   -2.02  -10.71 |    0.8    0.4   17.4   12.1 |   20.5    0.1    0.4    0.7 |   36.4   53.1    -28
2021-04-28   LONG    13993.50  13932.50   61.00  13994.00 14:05:00 |   36.2   -0.2   +26.5 |    7.0   38.5   70.5    0.12   17.0 |  101.2  -13.0    0.54    8.26 |    0.3    0.9   80.9   83.0 |   72.4    0.0    0.8    0.9 |   30.3   12.8     88
2021-04-29   SHORT   13953.50  13938.00   15.50  13935.75 11:05:00 |   10.2    2.0    +7.0 |   12.6   15.6   43.3   -0.25  -35.5 | -137.1  -94.0   -3.20   -0.29 |    0.2    0.1   12.3   13.5 |   34.6    0.1    0.4   -0.6 |   35.8   36.8    -84
2021-05-04   SHORT   13524.00  13516.25    7.75  13511.00 11:05:00 |    0.5   14.8   -11.5 |   15.8   22.7   55.4   -0.15  -20.8 |   26.5  -48.8   -1.39   13.06 |    0.7    0.6   58.1   61.3 |   76.4    0.1    0.7   -0.4 |   60.2   37.5     28
2021-05-11   LONG    13324.75  13310.00   14.75  13327.25 11:05:00 |    8.2   22.0   -17.2 |   18.2   10.0   51.5   -0.05   -7.2 |   -8.7  -62.9   -0.81   -2.09 |    0.5    0.5   38.8   36.0 |   80.3    0.1    0.4    0.6 |   53.9   47.5     -8
2021-05-12   LONG    12999.00  12962.25   36.75  13000.25 11:10:00 |   21.8   13.2   +18.8 |   20.8   16.3   51.8    0.13   17.2 |   52.9  -36.5    2.83   -9.13 |    0.5    0.7   47.4   30.6 |   56.7    0.2    0.3    0.4 |   62.4   58.7    -48
2021-05-18   LONG    13219.00  13178.00   41.00  13219.50 12:05:00 |    3.8   63.0   -47.5 |   11.5   35.5   49.8    0.14   19.0 |  138.4   -3.2    5.45  -10.29 |    0.3    1.0   85.3   81.2 |   72.1    0.1    1.3    0.8 |   36.5   42.9    -28
2021-05-20   LONG    13505.75  13485.50   20.25  13507.25 12:20:00 |   29.2    4.0   +21.2 |    8.0    8.4   60.2    0.04    5.8 |  198.6  -12.2    0.57    1.49 |    0.1    1.1   69.1   64.2 |   58.3    0.1    1.4    0.6 |   30.2   18.8    100
2021-05-24   SHORT   13656.25  13647.00    9.25  13645.75 11:05:00 |    7.0   24.2   -20.0 |    8.3   26.2   40.5    0.09   12.2 |  -56.1  -58.8   -0.68   -3.96 |    0.3    0.3   44.5   46.8 |   14.0    0.1    0.3   -1.0 |   15.0   24.8    -52
2021-05-26   LONG    13708.25  13700.00    8.25  13709.00 11:00:00 |    8.0    8.0    -6.5 |    8.5   13.1   58.8    0.05    7.2 |   88.3   -6.0    1.03    1.75 |    0.2    0.9   90.4   86.1 |   54.6    0.1    1.3    0.7 |   18.5   24.4    -52
2021-06-08   LONG    13815.00  13806.00    9.00  13816.50 11:25:00 |    7.8    3.5    -1.2 |    7.2   13.6   54.5    0.03    4.0 |  112.6  -13.3    0.46   -0.71 |    0.1    0.9   71.1   53.2 |   57.6    0.1    0.6    0.1 |   23.1   12.4    -76
2021-06-15   LONG    14041.25  14029.75   11.50  14041.75 11:15:00 |    0.2   12.8    -9.5 |    8.6   19.2   57.3    0.06    8.0 |   82.1   -6.3    1.40    3.78 |    0.3    0.8   89.3   88.0 |   96.5    0.1    0.2    0.6 |   23.8   20.8     12
2021-06-17   LONG    14183.25  14167.75   15.50  14184.00 11:30:00 |    6.0    6.2    -5.5 |   10.1   10.5   58.6    0.04    6.2 |   90.8   -6.9    0.28    3.43 |    0.2    0.8   90.8   85.8 |   81.6    0.1    0.2    0.7 |   26.5   22.8     -4
2021-06-21   SHORT   14138.25  14133.00    5.25  14132.50 11:15:00 |    3.5   13.0    -8.2 |    7.9   12.9   52.7   -0.02   -3.0 |   36.5  -43.0   -0.00    4.23 |    0.3    0.6   78.8   85.5 |   95.6    0.1    0.4   -0.8 |   18.3   18.5     64
2021-06-22   SHORT   14279.00  14266.75   12.25  14265.00 11:35:00 |    0.8   13.5   -12.0 |    6.6   25.0   53.4   -0.07  -10.0 |  -49.8  -88.9   -2.22    5.18 |    0.1    0.3   25.7   43.1 |   48.1    0.0    0.4   -0.3 |   19.6   18.9    -20
2021-06-29   SHORT   14583.75  14578.50    5.25  14576.50 11:00:00 |    0.5    6.2    -3.8 |    7.2   32.0   59.0   -0.03   -4.0 |   38.3  -44.3   -0.60    7.86 |    0.3    0.6   79.5   87.8 |   81.4    0.0    2.1   -0.3 |   22.2   21.3     92
2021-06-30   LONG    14561.00  14553.75    7.25  14561.25 13:15:00 |   14.5    0.5   +14.2 |    4.0   11.1   58.0    0.03    4.5 |  197.5  -25.0    0.15    0.78 |    0.1    1.0   59.3   54.5 |   51.7    0.0    2.8   -0.3 |   13.4    8.6     28
2021-07-07   LONG    14809.50  14801.75    7.75  14810.25 11:50:00 |    5.2    4.0    +1.0 |    5.3    6.2   55.6    0.02    3.0 |   76.7  -25.8    0.06    0.77 |    0.1    0.8   48.4   45.2 |   61.7    0.0    0.6    0.8 |   13.8   12.3     -4
2021-07-08   SHORT   14718.50  14712.00    6.50  14704.50 11:00:00 |   11.2   11.2    +7.8 |   13.3    9.3   48.2   -0.03   -4.2 |    9.6  -57.3    0.22    2.29 |    0.3    0.5   67.1   77.4 |   84.6    0.1    1.1   -0.7 |   31.7   43.3      8
2021-07-29   SHORT   14965.25  14912.50   52.75  14895.25 12:05:00 |   42.8   11.8   +26.5 |   12.2   58.9   19.2   -0.24  -36.5 | -252.9  -96.0    1.89  -21.37 |    0.2   -0.3   32.6   49.2 |   50.1    0.1    1.5   -0.8 |   11.9   71.1   -100
2021-08-02   LONG    14960.50  14955.00    5.50  14965.25 11:05:00 |    8.5    6.0    +0.0 |    7.6   22.4   50.8    0.03    4.2 |   87.7   -9.4    2.08   -4.10 |    0.2    0.8   82.2   79.4 |   83.5    0.1    0.3    0.9 |   19.6   21.2    -40
2021-08-09   LONG    15126.00  15118.50    7.50  15127.50 11:00:00 |    0.8   11.5    -9.0 |    5.6   12.9   53.8    0.03    4.8 |   61.1  -39.0    0.08   -0.18 |    0.1    0.7   55.6   47.4 |   80.9    0.0    0.6    0.1 |   16.8   15.5    -36
2021-08-12   SHORT   15077.50  15073.50    4.00  15073.25 11:00:00 |    4.2    1.0    +3.8 |    5.9   18.1   48.4   -0.01   -1.2 |  -48.6  -88.6   -1.08    1.42 |    0.1    0.2   26.0   27.1 |   11.5    0.0    0.5   -0.7 |   12.1   12.4    -24
2021-08-16   SHORT   15134.75  15123.50   11.25  15123.00 11:55:00 |    0.5   10.2    -7.5 |    4.8   28.1   52.1   -0.03   -5.2 | -146.7  -92.3   -2.51    3.88 |    0.1    0.1    9.9   12.5 |   33.5    0.0    0.6   -0.4 |   16.0   13.9      8
2021-08-17   LONG    14973.00  14964.25    8.75  14976.00 11:05:00 |    1.8   17.2    -7.8 |   11.0   13.2   54.1   -0.03   -4.2 |    0.6  -66.7   -1.20    1.24 |    0.2    0.6   24.0   19.2 |   11.9    0.1    0.4    0.8 |   34.6   25.9     16
2021-08-18   LONG    14839.50  14806.50   33.00  14847.50 11:00:00 |    9.5    5.5    +1.5 |   17.1   49.2   37.3   -0.03   -4.0 |  -36.0  -39.7    2.76  -31.59 |    1.1    0.4   38.8   25.9 |   11.1    0.1    0.6    0.6 |   33.2   84.6    -80
2021-08-30   SHORT   15611.25  15605.25    6.00  15603.25 11:00:00 |    0.5    8.0    -1.8 |    5.8   15.6   46.1   -0.01   -2.2 |  -70.2  -47.9   -0.56    0.34 |    0.1    0.3   57.1   59.4 |   24.1    0.0    0.4   -0.4 |   13.8   15.4    -44
2021-08-31   SHORT   15604.00  15598.25    5.75  15595.00 11:20:00 |    7.5    2.2    +5.8 |    6.3    9.4   50.4   -0.04   -6.2 |    7.9  -83.7   -0.47    3.44 |    0.2    0.5   57.2   76.1 |   55.5    0.0    0.4   -0.8 |   15.6   19.2     40
2021-09-15   SHORT   15509.50  15499.00   10.50  15498.25 12:30:00 |    3.8    7.8    -1.5 |    4.3   22.2   45.3   -0.05   -7.2 | -128.2  -93.5   -1.57    0.95 |    0.1    0.0   25.3   33.2 |   41.1    0.0    0.7   -1.0 |   11.1   13.0    -52
2021-09-16   LONG    15497.75  15490.75    7.00  15498.25 11:35:00 |    0.5    5.8    -5.0 |    6.1   17.7   55.7    0.03    4.5 |   43.0  -30.2   -0.89    1.65 |    0.1    0.8   59.7   48.1 |   68.1    0.0    0.2    1.0 |   19.8   14.2    -64
2021-09-21   SHORT   15000.00  14980.50   19.50  14974.75 12:50:00 |   45.5    1.0   +15.5 |    9.3   17.3   34.4   -0.05   -8.0 | -296.7  -93.1    0.23   -6.09 |    0.1   -0.3   20.6   32.8 |   27.4    0.1    2.8   -0.7 |   17.7   35.7    -80
2021-09-29   SHORT   14769.75  14757.75   12.00  14756.00 11:25:00 |    0.2   43.0   -41.0 |   13.4   17.4   39.9   -0.09  -13.0 |  -43.9  -95.9    0.58   -7.48 |    0.2    0.3   13.7   21.2 |   45.2    0.1    0.6   -0.8 |   40.6   46.9    -28
2021-10-05   LONG    14662.00  14645.00   17.00  14669.75 11:00:00 |    5.0    5.0    +1.2 |   11.9   37.0   44.4    0.07   10.0 |  -17.0  -14.2    1.59  -14.85 |    0.6    0.5   45.5   24.9 |   20.5    0.1    1.3    0.8 |   28.7   40.8    -72
2021-10-06   LONG    14770.00  14760.75    9.25  14774.50 11:00:00 |   53.5    2.2   +52.2 |   14.2   29.5   68.5    0.10   15.0 |   77.8  -10.4   -0.59   17.20 |    0.7    0.8   93.0   93.3 |   94.5    0.1    2.7    0.4 |   51.9   22.9     68
2021-10-11   SHORT   14690.25  14676.75   13.50  14672.25 11:05:00 |    8.0   21.0    -4.8 |   12.3   54.9   22.6   -0.11  -16.5 |  -76.7  -85.2    1.67  -23.56 |    0.7    0.2   17.4   15.0 |   27.9    0.1    1.3   -0.6 |   19.4   61.1   -100
2021-10-12   LONG    14603.50  14585.75   17.75  14605.25 11:30:00 |   11.2   10.2    +7.8 |   12.4   26.2   42.9    0.04    5.8 |   14.8  -19.4    3.14  -11.72 |    0.3    0.6   72.0   61.4 |   54.8    0.1    0.3   -0.1 |   26.1   38.0    -40
2021-10-13   LONG    14769.50  14765.25    4.25  14773.50 11:00:00 |   28.2    1.8   +26.0 |   10.0   21.5   61.8    0.09   13.8 |  108.0  -13.0    0.24    6.33 |    0.3    0.8   85.1   85.3 |   80.0    0.1    1.1    0.3 |   34.4   16.9     92
2021-10-20   SHORT   15361.50  15356.25    5.25  15347.75 11:10:00 |    3.0    7.5    -4.5 |    8.8   11.1   36.4   -0.05   -8.2 | -134.6  -98.4   -0.67   -3.96 |    0.2    0.0   10.7   13.2 |   23.0    0.1    1.0   -0.9 |   18.9   29.6    -56
2021-10-25   LONG    15545.75  15525.00   20.75  15553.75 13:05:00 |   26.0    2.5   +23.2 |    6.9   20.3   76.6    0.16   24.5 |  253.6   -7.1    1.64    4.90 |    0.2    1.3   78.4   80.0 |   93.2    0.0    4.3    0.7 |   32.7   11.3     56
2021-10-26   LONG    15547.50  15522.75   24.75  15549.50 11:05:00 |   22.2    0.5   +10.2 |   15.6   32.1   50.6   -0.03   -4.2 |    2.2  -17.3    0.41   -8.13 |    0.4    0.5   49.4   29.8 |   41.7    0.1    1.1    0.5 |   46.4   63.1    -12
2021-10-27   LONG    15594.00  15580.75   13.25  15600.25 11:00:00 |   20.2    2.2   +18.8 |   11.6   47.9   40.3    0.01    2.0 |  -15.6  -14.3    2.76  -18.30 |    0.5    0.5   42.1   22.1 |   42.5    0.1    1.2    0.3 |   28.5   46.7    -84
2021-11-01   SHORT   15892.00  15885.50    6.50  15880.50 11:00:00 |    5.2   13.8    -4.5 |    9.4   41.8   58.0    0.01    1.0 |   38.6  -54.1   -1.16   11.90 |    0.3    0.5   64.5   72.0 |   77.0    0.1    0.9   -0.9 |   33.3   17.0     48
2021-11-04   SHORT   16344.50  16331.25   13.25  16326.25 11:00:00 |    2.0   25.5   -12.5 |   12.1   11.2   46.6   -0.03   -4.2 |  -12.9  -51.8   -0.17    0.65 |    0.2    0.4   70.2   76.7 |   38.4    0.1    1.3   -0.6 |   32.6   39.8    -36

2021 INDICATOR MIN/MAX AT BREAKOUT (52 breakout days out of 292 total):
  These are the min and max values each indicator had when a breakout occurred.
  Indicator              |          MIN |          MAX |         MEAN |       MEDIAN
  --------------------------------------------------------------------------------
  ATR (14)               |       4.0107 |      23.6166 |      10.8176 |      10.0389
  ADX (14)               |       6.1534 |      58.9416 |      23.1971 |      18.6382
  RSI (14)               |      19.2276 |      76.6225 |      51.3581 |      52.3597
  ROC (10)               |      -0.2541 |       0.1884 |       0.0073 |       0.0096
  Momentum (10)          |     -36.5000 |      24.7500 |       0.8413 |       1.5000
  MACD                   |     -31.5866 |      20.3597 |      -0.8276 |       1.0960
  MACD Histogram         |      -6.4377 |       5.4516 |       0.2094 |       0.2290
  MACD Signal            |     -34.3506 |      21.4945 |      -1.0370 |       1.4966
  CCI (20)               |    -296.7245 |     253.6341 |      14.3082 |      20.6542
  Williams %R (14)       |     -98.3607 |      -0.5682 |     -42.7367 |     -37.7455
  BB Width %             |       0.0521 |       1.0500 |       0.3350 |       0.2758
  BB %B                  |      -0.3069 |       1.3408 |       0.5491 |       0.5573
  Stoch %K               |       9.8764 |      92.9992 |      55.0804 |      57.6232
  Stoch %D               |      12.1411 |      93.3099 |      53.6638 |      53.8560
  MFI (14)               |      11.1010 |      96.4519 |      55.3220 |      55.1430
  NATR (14)              |       0.0275 |       0.1789 |       0.0764 |       0.0712
  Volume Ratio           |       0.1797 |       4.2576 |       0.9083 |       0.6455
  CLV                    |      -1.0000 |       1.0000 |       0.0497 |       0.2153
  DM+                    |      11.0805 |      95.3564 |      31.0838 |      29.3404
  DM-                    |       8.6134 |      84.5829 |      31.0876 |      24.6063
  Aroon Up               |       0.0000 |     100.0000 |      36.9231 |      30.0000
  Aroon Down             |       0.0000 |     100.0000 |      45.0769 |      40.0000
  Aroon Osc              |    -100.0000 |     100.0000 |      -8.1538 |     -18.0000
  Range Width (pts)      |       4.0000 |      61.0000 |      14.5673 |      11.3750
  Range Width (%)        |       0.0265 |       0.4369 |       0.1026 |       0.0812

2021 BREAKOUT MAGNITUDE (how far price moved after breakout):
  Metric                 |        MIN |        MAX |        AVG |     MEDIAN
  ------------------------------------------------------------------------
  MFE (60 min)           |       0.25 |      53.50 |      11.01 |       7.25
  MAE (60 min)           |      -0.25 |      63.00 |      10.66 |       7.88
  MFE (30 min)           |      -1.00 |      45.50 |       7.27 |       5.12
  MAE (30 min)           |      -0.25 |      25.50 |       7.34 |       5.88
  End Excursion          |     -47.50 |      52.25 |       0.99 |      -0.62
  MFE / Range            |       0.02 |       6.65 |       0.90 |       0.61


================================================================================================================================================================
YEAR 2022 -- 54 BREAKOUTS out of 292 TRADING DAYS (18.5%)
================================================================================================================================================================

Date         Side       RngHi     RngLo    RngW     BkOut     Time |    MFE    MAE   EndEx |    ATR    ADX    RSI     ROC     MOM |     CCI   WillR   MACDh    MACD |    BBW   BB%B    StK    StD |    MFI   NATR   VolR    CLV |    DM+    DM-  ArOsc
--------------------------------------------------------------------------------------------------------------------------------------------------------------------------------------------------------------------------------------
2022-03-16   SHORT   14025.75  13993.25   32.50  13976.00 11:00:00 |   22.8    5.0   +13.2 |   32.1   43.0   64.3    0.17   24.2 |   47.7  -36.2   -5.03   62.78 |    1.8    0.6   76.4   84.1 |   87.7    0.2    0.6   -0.9 |  148.3   65.9     80
2022-03-17   SHORT   14080.75  14040.50   40.25  14039.50 11:15:00 |   22.2   12.0   +13.5 |   21.9   16.7   42.0   -0.26  -37.2 | -102.2  -97.8   -5.99   -2.57 |    0.7    0.1    9.4   14.8 |   14.4    0.2    0.4   -0.8 |   56.4   82.1     40
2022-03-22   SHORT   14661.50  14652.00    9.50  14643.50 11:00:00 |   13.8   28.5   -22.5 |   15.4    6.6   45.5   -0.09  -13.2 | -177.2  -62.4   -2.38    2.69 |    0.2    0.1   41.4   44.5 |   24.5    0.1    1.1   -0.2 |   34.1   52.0     -4
2022-03-23   SHORT   14463.00  14456.25    6.75  14455.25 11:00:00 |    1.0   18.0   -16.2 |   15.8   24.9   40.2   -0.01   -2.0 |  -42.3  -61.0    2.35  -13.23 |    0.5    0.3   32.2   26.4 |   25.8    0.1    0.7   -0.8 |   33.6   54.9    -48
2022-03-28   SHORT   14982.00  14978.75    3.25  14971.50 11:00:00 |    7.0    7.8    -2.2 |   12.2   46.3   60.5   -0.09  -13.0 |    5.8  -59.9   -5.75   20.37 |    0.3    0.4   66.0   74.1 |   73.9    0.1    1.2   -0.8 |   42.6   26.5     52
2022-03-31   SHORT   14923.50  14905.50   18.00  14904.50 11:15:00 |    4.8   14.5   -11.0 |   18.6   31.8   38.6   -0.02   -2.8 |  -44.3  -68.1    2.73  -15.58 |    0.5    0.4   62.5   74.3 |   61.2    0.1    0.3   -0.6 |   30.8   73.2    -36
2022-04-11   LONG    14006.75  13991.00   15.75  14011.25 11:00:00 |    7.5    5.0    +1.5 |   14.6   15.6   44.4    0.08   11.0 |   18.2  -15.4    3.50  -13.90 |    0.4    0.6   60.5   49.4 |   27.1    0.1    0.8    0.4 |   40.2   37.3    -40
2022-04-19   LONG    14100.25  14084.00   16.25  14104.75 11:15:00 |   12.5   20.5   -17.5 |   19.6   29.6   44.3    0.09   13.0 |  -25.0   -5.9    0.70  -16.74 |    1.3    0.4   64.8   40.0 |   48.9    0.1    0.4    0.5 |   46.5   75.4    -16
2022-04-21   SHORT   13727.25  13715.00   12.25  13697.25 11:00:00 |    2.2   30.2   -14.2 |   25.6   31.8   36.1   -0.13  -18.5 | -130.6  -63.1    4.57  -20.38 |    0.4    0.1   48.3   54.6 |   23.6    0.2    0.6   -0.7 |   42.0   93.7    -36
2022-04-25   SHORT   13535.25  13521.75   13.50  13507.75 11:00:00 |    0.2   22.0   -18.5 |   23.7   27.8   54.1   -0.06   -8.0 |    2.4  -99.4   -5.50   23.63 |    0.6    0.4   49.1   66.2 |   77.2    0.2    0.7   -1.0 |   75.8   59.4     44
2022-04-26   LONG    12878.25  12803.00   75.25  12902.50 11:00:00 |  140.2   -0.8   +73.5 |   47.5   53.1   43.5    0.08   10.5 |  -31.2  -61.7   -0.61  -71.06 |    3.1    0.4   15.8    7.8 |   22.4    0.4    0.7    0.5 |  119.4  210.4    -80
2022-05-02   SHORT   13061.00  13038.00   23.00  13034.50 11:30:00 |    6.0   26.5   -19.0 |   22.0   33.9   57.2   -0.16  -20.2 |  -98.7  -88.3   -9.59   28.37 |    0.3    0.2   42.8   49.9 |   62.8    0.2    0.7   -0.7 |   66.6   47.9     28
2022-05-09   LONG    12219.25  12194.00   25.25  12221.25 11:00:00 |   29.8   13.2   +21.2 |   28.1   14.1   48.9   -0.12  -14.2 |   56.7  -29.9    2.69  -12.18 |    0.7    0.6   65.7   63.6 |   84.0    0.2    1.1   -0.2 |   94.5   78.4    -36
2022-05-11   SHORT   12023.25  12001.25   22.00  11996.25 11:00:00 |   45.0   11.5    -8.2 |   26.9   13.9   41.9   -0.14  -16.8 |  -26.5  -36.9    5.30  -11.27 |    0.6    0.4   79.4   87.6 |   84.6    0.2    0.7    0.2 |   60.0   92.2    -44
2022-05-16   LONG    12241.50  12233.00    8.50  12250.75 11:00:00 |   17.5   11.2   +10.5 |   18.6   29.3   44.6    0.03    3.8 |   18.8  -16.5    2.74  -16.63 |    0.4    0.7   55.0   44.0 |   33.5    0.2    1.1    0.5 |   49.1   55.0    -40
2022-05-17   LONG    12576.00  12568.75    7.25  12583.00 11:00:00 |   10.5   17.5   -12.2 |   18.1   20.0   63.9    0.14   17.0 |  112.1   -6.2   -1.47   16.48 |    0.4    0.9   95.1   95.1 |   97.0    0.1    1.2    0.6 |   59.3   31.7    100
2022-05-23   SHORT   12055.25  12049.25    6.00  11836.50 11:00:00 |   12.8   54.2   -52.8 |   35.5   31.0   22.8   -1.79 -216.0 | -286.1  -93.7  -13.52   -3.40 |    1.8   -0.4   56.6   73.2 |   55.1    0.3    5.3   -0.7 |   59.0  256.8    -44
2022-05-25   LONG    11893.50  11840.50   53.00  11908.25 11:00:00 |   13.0   16.0    +9.0 |   30.4   27.3   50.3   -0.10  -12.2 |  -23.4  -32.2   -3.34  -12.29 |    1.4    0.5   54.7   45.8 |   54.2    0.3    0.6    0.7 |   98.4  119.0    -60
2022-05-26   LONG    12261.25  12254.00    7.25  12269.25 11:05:00 |   30.0    3.8   +14.5 |   15.5   14.6   50.0    0.12   15.2 |   -3.7  -29.2    1.32   -6.21 |    0.6    0.5   39.1   25.3 |   36.9    0.1    0.4    0.9 |   31.2   37.3     24
2022-06-01   SHORT   12550.75  12533.25   17.50  12530.00 11:35:00 |   13.8    9.2    +4.2 |   18.5   28.9   39.7   -0.10  -12.8 | -157.1  -64.9    0.24  -11.29 |    0.2    0.0   43.1   50.4 |   39.0    0.1    0.4   -0.6 |   32.2   68.5    -64
2022-06-02   LONG    12898.75  12883.50   15.25  12905.25 11:00:00 |   39.8    1.5   +15.5 |   16.2   24.5   67.3    0.23   29.8 |   93.4   -9.0   -0.17   16.95 |    0.7    0.8   88.6   90.8 |   61.9    0.1    0.8    0.6 |   58.1   29.8     76
2022-06-08   SHORT   12622.00  12615.75    6.25  12609.50 11:00:00 |    0.0   22.5   -18.0 |   14.0   21.1   43.6   -0.09  -11.2 |  -62.3  -57.1    0.43   -2.87 |    0.4    0.3   59.1   55.3 |   62.3    0.1    1.0   -0.9 |   32.5   48.0     20
2022-06-13   LONG    11373.75  11354.00   19.75  11377.50 11:00:00 |   27.8    1.5    -0.2 |   24.0    8.2   53.3    0.16   18.5 |  113.6  -11.3    6.08   -5.61 |    0.7    0.9   84.0   83.6 |   88.6    0.2    0.6    0.0 |   83.2   67.7    -28
2022-06-15   LONG    11635.25  11601.50   33.75  11661.00 11:00:00 |   47.8    3.2   +25.0 |   38.5    9.9   56.2    0.41   47.8 |   26.9  -10.7   -1.84    8.58 |    1.6    0.6   56.6   43.4 |   26.3    0.3    0.9    0.2 |  140.7   98.2     32
2022-06-22   SHORT   11554.50  11540.25   14.25  11530.25 11:05:00 |   21.8   12.8   +20.5 |   18.9   28.6   31.6   -0.19  -22.5 | -147.6  -80.2    1.22  -23.34 |    0.5    0.1   12.9    9.7 |   25.6    0.2    1.1   -0.3 |   38.9   72.7    -96
2022-07-12   LONG    11781.50  11767.50   14.00  11784.75 11:05:00 |    3.8   16.2    -6.5 |   14.5   22.1   48.3    0.07    8.0 |   82.0  -17.6    5.58   -8.64 |    0.6    0.7   72.8   74.5 |   49.5    0.1    0.8    0.1 |   41.4   41.8    -28
2022-07-14   LONG    11813.25  11801.25   12.00  11814.25 11:00:00 |   29.5    5.0   +19.0 |   15.0   23.8   60.2    0.05    5.8 |   99.2  -23.1   -2.03   10.40 |    0.3    0.8   77.9   81.7 |   76.0    0.1    1.0   -0.2 |   58.3   30.6    -12
2022-07-19   SHORT   12325.50  12316.25    9.25  12310.50 11:30:00 |    4.0   15.0    -2.2 |   14.3   49.3   57.6   -0.07   -8.2 |  -10.1  -97.4   -3.23   13.76 |    0.5    0.5    9.8   19.6 |   50.4    0.1    0.3   -0.4 |   85.4   25.4     68
2022-07-20   SHORT   12439.50  12420.25   19.25  12414.00 11:35:00 |    3.2   32.0   -25.2 |   16.0   18.4   38.0   -0.10  -12.0 | -105.8  -97.5   -1.64   -8.53 |    0.5    0.2   23.4   24.0 |   34.6    0.1    0.4   -0.9 |   33.8   59.4   -100
2022-07-21   SHORT   12579.75  12560.00   19.75  12547.75 11:00:00 |   11.0   12.8    -6.2 |   18.6   21.0   38.5   -0.18  -23.2 |  -89.0  -97.5   -4.58  -11.63 |    1.0    0.2   14.0   15.8 |   44.0    0.1    0.4   -1.0 |   51.1   77.3    -16
2022-08-04   SHORT   13330.75  13322.50    8.25  13319.75 11:05:00 |    2.8   23.0   -19.0 |   11.1    8.0   49.6   -0.05   -6.5 |  -13.9  -95.2   -1.64    3.82 |    0.3    0.4   36.6   53.1 |   48.5    0.1    0.3   -0.9 |   29.5   33.3    -24
2022-08-15   SHORT   13682.50  13672.00   10.50  13670.50 11:00:00 |    4.2    7.5    -0.8 |    9.7   16.2   44.5   -0.03   -3.5 |  -97.1  -75.3   -1.81    0.50 |    0.3    0.2   26.0   27.9 |   30.3    0.1    1.0   -0.3 |   19.9   33.1    -76
2022-08-17   SHORT   13511.50  13504.75    6.75  13486.00 11:00:00 |   19.5    6.5   +18.2 |   15.5   16.2   39.0   -0.16  -21.0 | -162.6  -97.2   -0.64   -4.64 |    0.2   -0.1   60.7   76.9 |   69.1    0.1    1.7   -0.9 |   32.3   58.1    -36
2022-08-18   SHORT   13541.50  13535.00    6.50  13523.75 11:00:00 |    1.0   10.2    +0.2 |   10.8   21.3   40.9   -0.01   -0.8 |  -90.5  -60.8   -0.84   -2.04 |    0.4    0.2   58.0   58.3 |   34.3    0.1    1.2   -0.8 |   19.7   45.4    -20
2022-08-22   SHORT   12937.75  12931.75    6.00  12925.75 11:00:00 |    0.0   20.5   -16.0 |   10.7   19.2   50.9    0.00    0.2 |   48.4  -31.1    1.83    3.50 |    0.5    0.6   84.4   90.0 |   89.1    0.1    1.0   -0.6 |   29.1   31.0     64
2022-08-24   SHORT   12956.75  12939.75   17.00  12939.00 12:30:00 |   14.0   15.5   -13.8 |    6.6   19.8   42.2   -0.04   -5.2 | -121.3  -87.8   -0.34   -1.83 |    0.1    0.1   35.6   31.6 |   45.5    0.1    1.2   -0.6 |   17.1   25.5    -80
2022-09-07   LONG    12268.75  12261.50    7.25  12278.25 11:00:00 |   11.0   15.0   -10.2 |   12.9   30.5   59.7    0.21   25.2 |   28.7  -13.7   -2.05    5.51 |    0.4    0.6   52.4   40.9 |   14.9    0.1    0.9    0.6 |   52.4   25.2    -32
2022-09-12   SHORT   12855.25  12849.50    5.75  12848.75 11:05:00 |   13.0    6.8    -1.5 |   11.1   28.7   61.7    0.00    0.0 |   44.7  -38.7   -0.49   12.58 |    0.6    0.6   77.7   87.8 |   93.4    0.1    0.3   -0.3 |   42.2   16.5     96
2022-09-19   LONG    12056.75  12034.00   22.75  12060.00 11:20:00 |    0.5   10.8    -3.5 |   12.6   40.3   71.0    0.16   19.0 |  119.4  -12.8   -2.39   18.91 |    0.4    0.9   87.2   76.5 |   54.0    0.1    0.8    0.1 |   63.5   22.8      8
2022-09-26   SHORT   11317.50  11302.75   14.75  11300.50 11:10:00 |    0.8   39.2   -38.2 |   20.9    7.4   39.0   -0.02   -1.8 |  -73.2  -73.1   -0.46  -12.02 |    0.8    0.3   26.1   23.8 |   42.5    0.2    0.4   -0.5 |   48.3   50.7    -12
2022-09-27   LONG    11355.00  11332.25   22.75  11364.75 11:00:00 |    4.0   22.2    +2.0 |   20.8   13.6   60.9    0.17   19.2 |  146.1  -18.5    1.52   10.23 |    0.7    0.9   84.0   83.1 |   33.6    0.2    2.0   -0.1 |   77.7   44.7     72
2022-09-29   LONG    11233.75  11223.25   10.50  11236.00 11:00:00 |   23.5    8.8   +14.5 |   17.9   32.6   65.2    0.08    8.8 |   48.6  -38.5   -0.78   16.53 |    0.7    0.7   59.5   61.2 |   80.0    0.2    1.2    0.7 |   57.4   36.6     48
2022-10-03   LONG    11314.25  11308.75    5.50  11321.00 11:00:00 |    7.0   38.2    -9.0 |   13.0   18.8   56.9    0.08    9.2 |   33.0  -17.2   -1.70    2.15 |    0.4    0.6   70.1   62.8 |   43.2    0.1    1.0    0.1 |   49.4   37.1    -48
2022-10-04   SHORT   11651.00  11638.50   12.50  11631.50 11:00:00 |   18.0    6.8   +14.2 |   15.2   18.7   49.6   -0.07   -8.0 |   -6.8  -73.7   -1.26    7.69 |    0.5    0.4   53.6   63.7 |   80.6    0.1    1.3   -0.3 |   45.7   48.5     40
2022-10-17   LONG    11149.00  11130.25   18.75  11165.50 11:00:00 |   31.2    4.0   +22.5 |   17.3   15.0   67.4    0.36   40.0 |  285.3  -31.5    2.14    8.76 |    0.4    1.2   77.1   83.8 |   47.0    0.2    1.8   -0.7 |   90.7   31.7     92
2022-10-18   SHORT   11338.50  11314.25   24.25  11313.75 11:15:00 |    6.2   68.8   -57.0 |   22.5   37.1   63.2   -0.04   -4.2 |   42.4  -34.3   -1.44   33.58 |    1.8    0.6   79.4   86.1 |   74.4    0.2    0.3   -0.8 |   92.2   44.5     88
2022-10-19   SHORT   11170.25  11141.75   28.50  11132.50 11:00:00 |   42.0   13.2   +41.2 |   23.6   14.3   48.2   -0.04   -4.5 |  -40.6  -75.7   -1.06    5.07 |    0.6    0.4   34.1   37.7 |   54.2    0.2    0.8    0.1 |   64.0   70.1     48
2022-10-20   SHORT   11073.50  11050.00   23.50  11036.00 11:05:00 |   34.5   13.8   +29.2 |   22.1   20.9   34.3   -0.33  -36.0 | -149.4  -98.4   -2.13  -12.18 |    0.7   -0.0   10.5   14.7 |   32.0    0.2    0.4   -0.8 |   32.5   68.8    -44
2022-10-24   LONG    11474.50  11455.00   19.50  11479.00 11:40:00 |   13.5    1.5    -1.0 |   10.7   19.9   59.0    0.18   20.2 |  115.5  -12.8    0.60    1.86 |    0.3    0.9   80.6   71.8 |   57.7    0.1    1.4    0.4 |   27.9   25.2    -56
2022-10-25   SHORT   11588.00  11558.00   30.00  11476.75 11:00:00 |    5.8   37.2    +4.0 |   28.9   41.7   25.5   -1.00 -115.5 | -139.1  -99.7   -9.31  -35.21 |    2.5    0.0   15.0   20.8 |   26.1    0.3    1.3   -1.0 |   42.4  195.3    -48
2022-10-27   LONG    11122.25  10924.50  197.75  11134.25 11:00:00 |   56.5    3.8   +12.5 |   45.8   29.4   47.7    0.68   75.2 |   -1.2  -35.7    7.25  -39.59 |    3.4    0.5   55.7   51.4 |   35.0    0.4    0.5   -0.2 |  135.4  129.7    -48
2022-11-01   LONG    11323.00  11309.75   13.25  11328.75 11:00:00 |   20.2    5.8   +17.0 |   15.6   19.0   49.9    0.25   28.5 |   24.8  -32.5    1.70   -7.23 |    0.5    0.6   49.3   43.7 |   32.2    0.1    0.6   -0.0 |   46.9   43.7    -56
2022-11-02   SHORT   10956.00  10939.00   17.00  10919.75 11:00:00 |   18.8   18.2    +8.0 |   30.9   42.2   27.5   -0.05   -5.5 |  -72.3  -82.2    9.10  -58.38 |    1.3    0.2   29.8   33.1 |   19.6    0.3    1.3   -0.9 |   55.4  155.0    -44
2022-11-03   SHORT   10735.50  10724.25   11.25  10708.75 11:00:00 |   16.0    9.5    -8.2 |   14.0   26.4   29.3   -0.28  -29.8 | -104.8  -79.5   -0.33  -16.26 |    1.0    0.2   24.2   24.0 |   21.0    0.1    1.8   -0.3 |   24.6   72.1    -96

2022 INDICATOR MIN/MAX AT BREAKOUT (54 breakout days out of 292 total):
  These are the min and max values each indicator had when a breakout occurred.
  Indicator              |          MIN |          MAX |         MEAN |       MEDIAN
  --------------------------------------------------------------------------------
  ATR (14)               |       6.6434 |      47.4941 |      19.8241 |      17.9917
  ADX (14)               |       6.5876 |      53.0692 |      24.5190 |      21.7323
  RSI (14)               |      22.8110 |      71.0299 |      48.3441 |      48.2563
  ROC (10)               |      -1.7922 |       0.6804 |      -0.0369 |      -0.0220
  Momentum (10)          |    -216.0000 |      75.2500 |      -4.7454 |      -3.1250
  MACD                   |     -71.0585 |      62.7815 |      -2.6297 |      -2.7229
  MACD Histogram         |     -13.5185 |       9.1030 |      -0.5880 |      -0.6262
  MACD Signal            |     -70.4477 |      67.8070 |      -2.0417 |      -1.3432
  CCI (20)               |    -286.1178 |     285.3047 |     -18.9297 |     -12.0421
  Williams %R (14)       |     -99.7079 |      -5.9172 |     -52.7110 |     -58.5115
  BB Width %             |       0.1350 |       3.3828 |       0.7771 |       0.5375
  BB %B                  |      -0.3779 |       1.2015 |       0.4344 |       0.4393
  Stoch %K               |       9.3856 |      95.1468 |      52.3009 |      55.3389
  Stoch %D               |       7.8481 |      95.0592 |      53.2317 |      52.2234
  MFI (14)               |      14.4488 |      97.0169 |      50.2072 |      47.7478
  NATR (14)              |       0.0513 |       0.4109 |       0.1618 |       0.1412
  Volume Ratio           |       0.2655 |       5.2950 |       0.9487 |       0.8208
  CLV                    |      -1.0000 |       0.8571 |      -0.2661 |      -0.2844
  DM+                    |      17.0670 |     148.3029 |      56.2893 |      48.6749
  DM-                    |      16.5022 |     256.7754 |      65.0527 |      51.3593
  Aroon Up               |       0.0000 |     100.0000 |      35.5556 |      28.0000
  Aroon Down             |       0.0000 |     100.0000 |      43.4815 |      44.0000
  Aroon Osc              |    -100.0000 |     100.0000 |      -7.9259 |     -26.0000
  Range Width (pts)      |       3.2500 |     197.7500 |      20.6852 |      15.0000
  Range Width (%)        |       0.0217 |       1.7939 |       0.1716 |       0.1186

2022 BREAKOUT MAGNITUDE (how far price moved after breakout):
  Metric                 |        MIN |        MAX |        AVG |     MEDIAN
  ------------------------------------------------------------------------
  MFE (60 min)           |       0.00 |     140.25 |      17.87 |      13.00
  MAE (60 min)           |      -0.75 |      68.75 |      15.84 |      13.00
  MFE (30 min)           |       0.00 |     140.25 |      15.58 |      11.38
  MAE (30 min)           |      -0.75 |      38.25 |      11.42 |      10.75
  End Excursion          |     -57.00 |      73.50 |      -0.12 |      -0.88
  MFE / Range            |       0.00 |       4.14 |       1.06 |       0.80


================================================================================================================================================================
YEAR 2023 -- 56 BREAKOUTS out of 291 TRADING DAYS (19.2%)
================================================================================================================================================================

Date         Side       RngHi     RngLo    RngW     BkOut     Time |    MFE    MAE   EndEx |    ATR    ADX    RSI     ROC     MOM |     CCI   WillR   MACDh    MACD |    BBW   BB%B    StK    StD |    MFI   NATR   VolR    CLV |    DM+    DM-  ArOsc
--------------------------------------------------------------------------------------------------------------------------------------------------------------------------------------------------------------------------------------
2023-03-20   SHORT   12701.00  12689.50   11.50  12688.00 12:15:00 |    6.8   23.2    -9.2 |    7.6   20.6   46.5   -0.06   -7.0 | -166.2  -95.1   -2.06    2.19 |    0.1   -0.0   17.4   31.6 |   37.9    0.1    0.9   -0.6 |   20.3   22.5     -4
2023-03-22   LONG    12717.75  12695.25   22.50  12723.00 11:05:00 |    2.0   15.2   -10.2 |   29.9   30.2   38.8    0.16   20.5 |  -25.4   -1.1    6.34  -46.35 |    2.0    0.4   52.7   30.6 |   40.6    0.2    0.4    0.9 |   78.9  132.6    -36
2023-03-23   SHORT   12893.25  12831.50   61.75  12829.00 14:05:00 |    9.0   41.8   -36.5 |   10.0   14.8   34.8   -0.24  -31.5 | -325.5  -90.9   -2.60   -2.76 |    0.3   -0.3   20.6   29.7 |   25.6    0.1    3.6   -0.6 |   25.2   47.5    -76
2023-03-27   SHORT   12818.25  12809.50    8.75  12805.75 11:05:00 |    4.5   13.2   -10.5 |   10.8   24.9   40.5   -0.05   -6.0 | -100.2  -58.8   -0.40   -3.97 |    0.2    0.2   68.8   75.5 |   83.8    0.1    0.5   -0.5 |   21.7   38.8    -44
2023-03-28   LONG    12750.50  12744.50    6.00  12753.00 11:10:00 |    5.2   11.0    -8.8 |    8.9   40.1   73.6    0.04    5.0 |   75.8  -17.4   -1.16   14.68 |    0.5    0.7   81.5   83.6 |   65.3    0.1    0.5    0.0 |   38.4   10.8     80
2023-03-29   SHORT   12968.00  12960.75    7.25  12955.50 11:00:00 |    5.0   15.5    -1.5 |   10.3   12.3   48.2   -0.02   -2.5 |  -74.1  -76.7   -2.66    3.97 |    0.3    0.2   25.9   28.9 |   14.9    0.1    0.9   -0.8 |   26.0   26.5     40
2023-04-05   SHORT   13075.50  13065.00   10.50  13059.50 11:00:00 |    2.5    8.8    -2.2 |   10.1   16.6   44.0   -0.15  -19.8 | -113.0  -95.7   -1.78    1.68 |    0.2    0.1   17.8   29.5 |   16.3    0.1    1.1   -0.8 |   20.8   29.9     32
2023-04-06   SHORT   13165.75  13159.25    6.50  13154.00 11:00:00 |    3.5    5.0    -1.8 |    8.6   20.4   40.5   -0.10  -13.8 | -161.1  -70.8   -1.49   -1.66 |    0.2    0.0   22.6   16.8 |   51.3    0.1    1.2   -0.0 |   13.4   33.6    -72
2023-04-18   SHORT   13190.00  13180.00   10.00  13176.25 11:00:00 |    5.0    6.0    -3.8 |   12.5   19.3   47.4    0.02    3.0 |  -33.7  -43.2    0.57    1.69 |    0.2    0.4   68.9   73.7 |   52.9    0.1    0.3    0.0 |   32.7   52.4     -4
2023-04-19   SHORT   13170.50  13164.00    6.50  13162.25 11:00:00 |   20.5    1.8   +14.8 |   10.5   39.7   36.1    0.01    0.8 |  -88.2  -81.5   -0.63   -7.77 |    0.4    0.2   28.8   29.9 |   52.2    0.1    0.4   -0.2 |   10.9   35.8    -44
2023-04-20   SHORT   13094.00  13087.75    6.25  13082.75 11:00:00 |    6.0   11.2    -8.8 |   11.4   20.1   47.0   -0.03   -4.2 |   34.8  -40.4    3.24   -1.18 |    0.6    0.6   78.4   84.6 |   85.3    0.1    0.7   -0.6 |   30.6   31.6    -20
2023-04-26   SHORT   12969.25  12952.25   17.00  12950.25 11:40:00 |    5.8    6.8    +0.8 |   10.4   36.8   57.3   -0.09  -11.5 |  -19.3  -95.5   -1.99    9.93 |    0.4    0.4   10.2   22.5 |   61.2    0.1    0.2   -0.5 |   39.0   24.0     44
2023-05-02   SHORT   13177.25  13164.75   12.50  13164.25 11:00:00 |    4.0    6.8    +1.0 |   11.3   16.6   39.4   -0.12  -15.5 | -136.8  -82.1   -1.76   -6.15 |    0.3    0.1   12.8    9.4 |    5.9    0.1    0.7    0.7 |   17.0   36.7    -88
2023-05-04   LONG    13092.00  13035.00   57.00  13092.75 12:30:00 |    5.0   12.0    -2.8 |    9.6   35.1   63.4    0.09   11.5 |  144.6  -14.0    1.09    7.43 |    0.3    0.9   89.7   86.4 |   64.5    0.1    1.0    0.0 |   42.4   14.3    100
2023-05-10   LONG    13415.50  13403.50   12.00  13420.00 12:40:00 |   16.5    3.0    +6.2 |    5.3   10.9   65.7    0.06    8.5 |  276.3   -8.2   -0.00    2.26 |    0.1    1.3   77.2   71.3 |   55.3    0.0    3.2    0.7 |   20.7   10.6     80
2023-05-16   SHORT   13509.50  13502.25    7.25  13500.25 11:00:00 |   15.2    6.5    +6.8 |    9.2   25.1   41.8    0.03    4.5 |  -39.5  -28.2    1.08   -5.53 |    0.4    0.4   66.3   61.1 |   29.2    0.1    0.7    0.4 |   19.7   38.8    -52
2023-05-25   SHORT   13989.00  13980.50    8.50  13968.00 11:15:00 |    5.8   10.0    +1.8 |   11.6   10.9   37.9   -0.14  -19.0 | -192.1  -86.2   -1.72   -1.89 |    0.2   -0.1   42.6   49.9 |   57.5    0.1    1.0   -0.6 |   24.1   46.1    -84
2023-06-01   SHORT   14500.00  14488.00   12.00  14487.50 12:10:00 |    8.8    1.8    +7.2 |    6.6   12.4   48.2   -0.03   -5.0 | -177.5  -58.2   -0.96    0.84 |    0.1    0.1   23.7   26.3 |   35.9    0.0    1.5    0.6 |   15.5   26.4     20
2023-06-07   LONG    14325.50  14315.75    9.75  14327.00 11:05:00 |    6.8   20.0    -7.2 |   12.4   30.0   44.9    0.07   10.2 |   46.6  -45.3    2.68  -10.24 |    0.2    0.7   40.6   33.9 |   53.5    0.1    0.4   -0.0 |   29.0   37.8    -36
2023-06-12   SHORT   15011.75  15001.50   10.25  15000.50 11:00:00 |    2.5   25.2   -17.8 |   11.1   73.8   67.2    0.05    8.0 |   58.3  -21.7   -2.50   22.12 |    0.5    0.7   88.3   91.1 |   83.3    0.1    0.6   -0.6 |   51.1   12.6     84
2023-06-13   LONG    15111.75  15095.75   16.00  15113.25 11:00:00 |    5.8    8.5    +3.8 |   11.5   27.1   67.7    0.10   14.8 |  124.6  -24.8    1.45   10.04 |    0.4    0.8   86.9   91.5 |   85.6    0.1    1.3   -0.3 |   49.8   17.5    100
2023-06-15   SHORT   15375.75  15364.75   11.00  15355.75 11:00:00 |    3.8   20.0    -5.2 |   15.0   18.1   41.5   -0.04   -6.0 |  -79.8  -86.3   -3.87   -2.35 |    0.5    0.2   22.0   23.5 |   12.6    0.1    0.6   -0.9 |   37.3   55.8    -60
2023-06-20   SHORT   15253.75  15245.25    8.50  15242.50 11:15:00 |    3.8   12.2    -3.5 |    9.7   13.6   45.9   -0.07  -10.8 |  -74.8  -66.7   -0.65   -0.35 |    0.2    0.3   57.7   61.3 |   71.6    0.1    0.5   -0.4 |   30.4   28.2    -12
2023-06-21   LONG    15043.50  15035.75    7.75  15048.50 11:00:00 |    0.8   24.5    -9.2 |   12.1   34.2   43.3   -0.02   -3.0 |  -41.6  -56.2    0.41  -12.98 |    0.4    0.4   21.2   16.2 |   35.3    0.1    0.7    0.9 |   29.2   50.9    -48
2023-06-26   SHORT   14880.50  14869.25   11.25  14866.50 11:30:00 |    0.0   27.2   -19.2 |    9.8   32.9   33.7   -0.04   -5.8 | -146.0  -80.5    1.01   -9.82 |    0.2    0.1   12.8   17.3 |   38.0    0.1    0.6   -0.1 |   18.2   39.9    -16
2023-06-27   SHORT   15095.25  15085.25   10.00  15081.50 11:05:00 |   29.5    3.2   +27.8 |    9.8   17.6   38.1   -0.07  -10.5 |  -86.4  -95.7   -2.31   -5.03 |    0.4    0.2    5.9    8.0 |   10.4    0.1    0.6   -0.7 |   23.0   29.8    -80
2023-07-05   SHORT   15358.50  15354.25    4.25  15353.50 11:25:00 |    2.8   12.2   -12.2 |    6.7   19.8   41.3   -0.01   -1.2 |  -71.0  -67.4    0.04   -3.34 |    0.1    0.2   43.4   50.4 |   49.4    0.0    0.2   -1.0 |   12.3   22.8    -72
2023-07-06   LONG    15227.00  15213.75   13.25  15227.50 11:45:00 |    9.5    3.8    +3.0 |    7.1   16.5   53.7    0.03    5.0 |   52.0   -7.2    0.67   -1.56 |    0.2    0.7   86.8   67.7 |   54.0    0.0    0.7    0.3 |   19.4   17.0    -56
2023-07-11   SHORT   15266.50  15260.25    6.25  15258.50 11:00:00 |    0.0   22.2   -19.2 |    9.8   32.1   61.0   -0.01   -2.2 |   27.4  -40.4   -1.71   13.24 |    0.5    0.6   58.2   63.7 |   20.7    0.1    0.9    0.1 |   37.2   24.0     44
2023-07-13   LONG    15701.25  15694.00    7.25  15701.75 11:00:00 |   13.8   -0.5   +12.8 |    9.0   27.5   54.0    0.00    0.2 |  -41.6  -73.8   -2.47    2.66 |    0.3    0.4   16.6   11.3 |   20.4    0.1    0.6    0.1 |   26.1   19.2     40
2023-07-17   LONG    15830.50  15826.00    4.50  15830.75 11:10:00 |    1.8   14.8    -9.5 |    8.8   17.2   50.0    0.01    1.2 |  -27.6  -31.5   -1.38   -0.88 |    0.3    0.4   38.0   24.0 |   30.0    0.1    0.3    0.0 |   25.9   19.2    -44
2023-07-25   SHORT   15731.50  15712.50   19.00  15695.50 11:00:00 |   75.8    1.0   +52.0 |   21.2   30.9   45.3   -0.13  -20.0 |   21.9  -34.3    0.25    4.80 |    0.5    0.4   84.8   90.1 |   31.0    0.1    1.0   -0.9 |   27.0   74.3     48
2023-07-26   LONG    15646.50  15624.25   22.25  15647.50 12:10:00 |    8.5    8.2    -2.8 |   11.9   23.5   59.1    0.05    8.5 |  103.6  -12.2   -0.77    7.51 |    0.2    0.8   87.1   85.7 |   64.4    0.1    0.5    0.1 |   45.8   25.0     -4
2023-07-27   SHORT   15591.50  15581.50   10.00  15575.00 11:00:00 |    6.8   21.0   -20.5 |   18.0   32.5   40.6   -0.07  -10.8 |   23.8  -40.5    5.61  -11.44 |    0.4    0.5   76.5   83.2 |   82.5    0.1    1.0   -0.8 |   37.5   70.0    -24
2023-08-07   LONG    15493.50  15488.25    5.25  15495.75 11:00:00 |   -0.5   15.8    -8.2 |    8.8   20.4   70.3    0.05    8.0 |   74.2   -8.8   -0.56   11.88 |    0.4    0.7   90.4   93.0 |   95.6    0.1    1.1    0.4 |   30.6   15.8     72
2023-08-10   LONG    15221.50  15212.00    9.50  15228.25 11:00:00 |    9.2    3.0    +3.2 |   14.1   12.3   58.7    0.12   18.8 |  130.9   -5.7    2.48    2.32 |    0.3    0.9   91.0   89.4 |   69.9    0.1    1.1    0.7 |   43.8   29.2    -24
2023-08-14   LONG    15279.75  15271.25    8.50  15282.25 11:15:00 |   34.0    3.5   +19.0 |    9.2   35.1   72.6    0.06    9.2 |   77.3  -13.2   -1.05   12.69 |    0.3    0.7   73.2   76.6 |   69.1    0.1    0.3    1.0 |   29.2   11.7     88
2023-08-15   LONG    15114.75  15107.00    7.75  15115.25 11:00:00 |    8.0    6.2    +4.0 |   10.5   20.1   47.5    0.03    5.0 |   81.4  -17.5    2.82   -6.16 |    0.3    0.8   82.4   83.8 |   68.4    0.1    0.8    0.2 |   29.4   32.5    -36
2023-08-21   SHORT   14973.25  14968.50    4.75  14957.50 11:10:00 |    2.5   11.5   -11.2 |    9.6   17.5   37.6   -0.08  -12.2 | -102.9  -89.1   -3.07   -0.69 |    0.3    0.1   18.6   20.0 |   23.1    0.1    0.8   -0.7 |   21.5   36.7    -72
2023-08-22   LONG    14964.25  14957.00    7.25  14971.75 11:00:00 |    9.0    4.5    -3.2 |   10.8    8.9   56.2    0.06    8.5 |  110.1  -13.7    1.35   -0.36 |    0.2    0.9   82.4   78.9 |   88.6    0.1    1.0    0.6 |   38.6   28.6    -24
2023-08-28   LONG    15099.50  15095.75    3.75  15110.50 11:00:00 |    1.8   11.8   -11.0 |   11.2   37.0   72.1    0.08   12.0 |   91.7   -3.9   -0.06   13.10 |    0.5    0.8   85.4   79.5 |   92.1    0.1    1.5    0.8 |   51.2   15.4     80
2023-08-29   LONG    15427.00  15423.75    3.25  15435.75 11:00:00 |    7.5    6.2    +2.8 |    9.1   31.3   67.5    0.06    9.0 |  152.7  -10.2   -0.53    7.57 |    0.2    1.0   87.8   85.0 |   91.9    0.1    1.4    0.5 |   35.6   12.4     96
2023-08-30   SHORT   15514.75  15509.50    5.25  15508.00 11:00:00 |    5.0    4.5    +0.0 |    9.8    9.6   53.4   -0.01   -1.0 |   54.6  -23.4    0.02    4.36 |    0.2    0.6   86.8   88.2 |   91.9    0.1    0.6   -0.6 |   26.8   24.8    -36
2023-09-05   LONG    15523.25  15513.00   10.25  15524.50 11:55:00 |    2.5    7.5    -2.8 |    6.1   23.7   47.5    0.04    6.2 |  127.3   -6.3    1.97   -4.08 |    0.1    0.9   87.0   84.4 |   58.7    0.0    0.5    0.1 |   15.2   18.7    -56
2023-09-06   LONG    15388.25  15385.00    3.25  15389.00 11:00:00 |    2.0   10.0    -1.2 |    9.1   14.9   56.7   -0.00   -0.5 |   68.3  -50.0   -0.35    4.55 |    0.2    0.7   51.8   53.0 |   84.5    0.1    0.5   -0.3 |   28.1   17.5     40
2023-09-21   LONG    14853.50  14838.50   15.00  14855.00 11:00:00 |   16.2    1.5    +1.2 |   13.1   50.3   37.9   -0.02   -2.5 |  -30.2  -65.6    2.27  -19.99 |    0.6    0.4   19.5   13.1 |   22.6    0.1    0.8   -0.3 |   30.1   52.0    -72
2023-09-25   SHORT   14956.00  14950.25    5.75  14946.75 11:00:00 |    8.5    1.5    +8.2 |   12.3   34.1   61.2    0.01    2.0 |   46.5  -14.0    0.19   15.51 |    0.6    0.6   91.8   94.3 |   85.5    0.1    0.7   -0.2 |   45.4   25.1     72
2023-10-10   LONG    15282.75  15276.50    6.25  15284.25 11:45:00 |    7.0    2.2    +3.0 |    7.0   22.0   52.0    0.01    1.5 |  124.7   -4.9    0.93   -1.15 |    0.0    1.0   85.6   76.7 |   47.2    0.0    0.5    0.7 |   14.0   16.8     -4
2023-10-11   SHORT   15413.00  15404.50    8.50  15402.75 11:00:00 |    5.8    4.2    -1.5 |   11.2   52.8   67.0   -0.05   -7.2 |   40.9  -29.6   -1.93   21.58 |    0.7    0.6   83.5   88.6 |   83.2    0.1    0.6   -0.6 |   46.1   19.4     48
2023-10-12   SHORT   15325.00  15319.25    5.75  15314.25 11:00:00 |    0.8   14.8    -8.0 |   11.9   24.3   48.2   -0.02   -3.5 |  -27.9  -83.1    0.19    2.60 |    0.1    0.3   38.7   46.9 |   37.2    0.1    1.0   -0.9 |   33.1   26.4     44
2023-10-16   SHORT   15307.50  15298.00    9.50  15297.50 11:05:00 |   18.2    3.0   +16.8 |   10.4    9.2   45.8   -0.03   -4.5 |  -71.7  -39.1   -0.82   -1.16 |    0.2    0.3   58.1   57.6 |   34.7    0.1    0.3   -0.3 |   26.9   33.4    -28
2023-10-17   SHORT   15248.50  15235.50   13.00  15228.00 11:00:00 |    2.8    7.0    -1.8 |   12.8   19.8   47.5   -0.03   -4.5 |    0.9  -80.9    0.56    4.39 |    0.3    0.4   60.7   75.6 |   72.2    0.1    1.3   -0.5 |   32.9   38.7     44
2023-10-18   SHORT   15073.00  15061.00   12.00  15041.00 11:00:00 |   11.2   12.8    +7.8 |   16.0   12.0   42.6   -0.14  -21.5 |   -6.2  -57.4    2.34   -1.81 |    0.6    0.4   72.5   83.0 |   85.5    0.1    0.8   -1.0 |   40.5   60.8    -40
2023-10-19   SHORT   14853.00  14843.50    9.50  14842.25 11:05:00 |   21.2    5.8   +15.0 |   19.2   27.1   36.1   -0.12  -17.2 |  -78.0  -76.5    3.55  -21.94 |    0.6    0.3   18.8   15.3 |   29.1    0.1    1.0    0.2 |   37.3   71.4    -96
2023-10-23   LONG    14753.00  14738.50   14.50  14753.25 12:25:00 |   10.0   20.8   -13.0 |    7.3   11.1   55.8    0.07   10.8 |  148.9  -10.9    1.51    0.86 |    0.1    0.9   87.4   88.7 |   73.5    0.0    1.0    0.4 |   21.0   16.0     92
2023-10-26   LONG    14249.00  14183.00   66.00  14265.00 11:00:00 |   37.0    4.2   +31.8 |   27.4   18.3   59.3    0.11   16.0 |  132.2  -15.1    1.31   -4.10 |    0.6    0.9   54.6   43.8 |   54.8    0.2    0.7    0.2 |  116.2   84.9    -36

2023 INDICATOR MIN/MAX AT BREAKOUT (56 breakout days out of 291 total):
  These are the min and max values each indicator had when a breakout occurred.
  Indicator              |          MIN |          MAX |         MEAN |       MEDIAN
  --------------------------------------------------------------------------------
  ATR (14)               |       5.3020 |      29.8878 |      11.3406 |      10.3960
  ADX (14)               |       8.8696 |      73.8395 |      24.3892 |      20.5137
  RSI (14)               |      33.6872 |      73.6029 |      50.5679 |      47.5171
  ROC (10)               |      -0.2449 |       0.1614 |      -0.0096 |      -0.0073
  Momentum (10)          |     -31.5000 |      20.5000 |      -1.2857 |      -1.1250
  MACD                   |     -46.3545 |      22.1170 |       0.1738 |      -0.3575
  MACD Histogram         |      -3.8740 |       6.3412 |       0.0465 |      -0.0334
  MACD Signal            |     -52.6957 |      24.6180 |       0.1273 |       0.3975
  CCI (20)               |    -325.4679 |     276.2848 |      -1.5410 |      -2.6702
  Williams %R (14)       |     -95.7143 |      -1.0870 |     -45.4933 |     -40.4723
  BB Width %             |       0.0442 |       2.0105 |       0.3471 |       0.2977
  BB %B                  |      -0.3009 |       1.3046 |       0.4921 |       0.4433
  Stoch %K               |       5.8694 |      91.7947 |      56.0833 |      59.4823
  Stoch %D               |       7.9766 |      94.3203 |      56.7051 |      62.4926
  MFI (14)               |       5.9326 |      95.5571 |      54.2429 |      54.4124
  NATR (14)              |       0.0390 |       0.2349 |       0.0785 |       0.0736
  Volume Ratio           |       0.1779 |       3.5593 |       0.8463 |       0.7133
  CLV                    |      -1.0000 |       1.0000 |      -0.1034 |      -0.0532
  DM+                    |      10.9469 |     116.2180 |      31.9568 |      29.1580
  DM-                    |      10.5993 |     132.5621 |      33.7675 |      28.4040
  Aroon Up               |       0.0000 |     100.0000 |      36.2143 |      22.0000
  Aroon Down             |       0.0000 |     100.0000 |      38.2143 |      40.0000
  Aroon Osc              |     -96.0000 |     100.0000 |      -2.0000 |     -18.0000
  Range Width (pts)      |       3.2500 |      66.0000 |      12.3125 |       9.5000
  Range Width (%)        |       0.0211 |       0.4801 |       0.0869 |       0.0632

2023 BREAKOUT MAGNITUDE (how far price moved after breakout):
  Metric                 |        MIN |        MAX |        AVG |     MEDIAN
  ------------------------------------------------------------------------
  MFE (60 min)           |      -0.50 |      75.75 |       9.33 |       5.75
  MAE (60 min)           |      -0.50 |      41.75 |      10.46 |       8.38
  MFE (30 min)           |      -0.50 |      75.75 |       7.96 |       5.38
  MAE (30 min)           |      -0.50 |      21.00 |       7.36 |       6.12
  End Excursion          |     -36.50 |      52.00 |      -0.61 |      -1.75
  MFE / Range            |      -0.10 |       4.00 |       0.91 |       0.66


================================================================================================================================================================
YEAR 2024 -- 58 BREAKOUTS out of 293 TRADING DAYS (19.8%)
================================================================================================================================================================

Date         Side       RngHi     RngLo    RngW     BkOut     Time |    MFE    MAE   EndEx |    ATR    ADX    RSI     ROC     MOM |     CCI   WillR   MACDh    MACD |    BBW   BB%B    StK    StD |    MFI   NATR   VolR    CLV |    DM+    DM-  ArOsc
--------------------------------------------------------------------------------------------------------------------------------------------------------------------------------------------------------------------------------------
2024-03-11   LONG    18258.00  18229.25   28.75  18269.25 11:05:00 |   25.0    0.2   +11.2 |   16.4   25.1   65.9    0.19   34.0 |  164.0   -2.1    3.72    8.62 |    0.4    1.1   87.3   81.0 |   89.5    0.1    1.2    0.8 |   70.9   22.1     60
2024-03-14   SHORT   18272.25  18255.25   17.00  18253.00 11:00:00 |   10.8   10.5    +9.8 |   18.1   16.1   48.7   -0.04   -6.8 |   19.0  -80.4    1.40    3.78 |    0.7    0.5   48.7   62.5 |   67.9    0.1    0.6   -0.6 |   53.5   57.2     20
2024-03-18   SHORT   18243.75  18222.75   21.00  18213.75 11:00:00 |   38.5    7.0   +36.2 |   18.1   28.6   34.9   -0.12  -22.2 |  -99.1  -69.3   -0.58  -13.72 |    0.5    0.2   28.5   28.7 |   26.4    0.1    1.0    0.1 |   29.1   78.5    -88
2024-03-19   SHORT   18286.50  18267.75   18.75  18260.50 13:00:00 |   13.8    2.5    +7.2 |    6.6   15.3   35.5   -0.08  -14.2 | -281.7  -95.1   -2.07   -0.39 |    0.1   -0.3   12.4   19.4 |   38.3    0.0    3.2   -0.7 |   12.5   25.9    -44
2024-03-20   SHORT   18545.50  18531.50   14.00  18530.00 11:00:00 |    0.0   33.2   -31.8 |   21.5   42.7   64.1   -0.01   -2.0 |   46.8  -17.1   -4.97   36.06 |    0.7    0.6   91.3   93.6 |   81.1    0.1    0.8   -0.4 |   73.0   33.0     76
2024-03-21   SHORT   18583.50  18571.50   12.00  18570.00 11:05:00 |    1.0   20.8   -16.8 |   12.8   24.4   41.7   -0.03   -5.5 |  -19.5  -54.5    2.09   -5.43 |    0.2    0.3   70.7   70.3 |   85.1    0.1    0.6   -1.0 |   30.3   41.7    -20
2024-03-26   SHORT   18484.25  18474.50    9.75  18472.50 11:30:00 |    4.5   14.0   -12.2 |    8.7   47.1   36.8   -0.04   -6.8 |    2.0  -85.5    2.46   -8.24 |    0.2    0.4   40.0   52.9 |   46.8    0.0    0.5   -0.8 |   12.1   35.0    -24
2024-04-01   SHORT   18498.50  18493.25    5.25  18489.00 11:00:00 |   16.8    5.2   +10.5 |   10.8   21.1   50.8   -0.06  -10.8 |    0.2  -83.6   -0.97    5.51 |    0.2    0.5   46.9   59.3 |   73.6    0.1    1.1   -0.3 |   26.6   27.7     44
2024-04-02   SHORT   18346.50  18342.50    4.00  18335.25 11:00:00 |   11.2    1.2    +8.8 |    9.2   41.8   56.4   -0.04   -6.5 |   21.8  -56.2   -2.18   11.66 |    0.2    0.4   70.2   82.2 |   40.9    0.1    1.1   -1.0 |   29.4   17.0     96
2024-04-03   SHORT   18394.75  18387.25    7.50  18379.25 11:00:00 |    1.5   12.8   -10.5 |   12.9   20.8   45.3   -0.07  -12.8 |   24.2  -46.1    1.43    0.21 |    0.4    0.5   70.0   78.4 |   43.9    0.1    0.8   -0.8 |   28.8   47.8    -16
2024-04-17   LONG    17668.00  17660.50    7.50  17679.00 11:00:00 |    9.5    5.0    +6.5 |   19.4   15.5   51.0    0.10   17.5 |   86.9  -35.9    2.36   -7.81 |    0.3    0.7   43.8   36.2 |   25.3    0.1    1.1    0.2 |   53.9   47.6    -52
2024-04-18   LONG    17537.00  17518.00   19.00  17540.50 11:00:00 |    2.5   25.0   -21.0 |   21.4   13.7   48.0    0.01    1.2 |  -35.6  -56.2    0.89  -10.45 |    0.4    0.5   31.8   23.9 |   43.1    0.1    0.5    0.9 |   50.5   49.5     -8
2024-04-22   LONG    17347.00  17334.50   12.50  17359.50 11:00:00 |    2.2   30.2   -21.2 |   16.7   21.2   53.1    0.16   27.5 |   95.5  -25.3    1.55   -5.88 |    0.4    0.7   51.5   38.5 |   14.2    0.1    1.2   -0.1 |   62.4   41.6    -40
2024-04-24   SHORT   17522.25  17480.00   42.25  17464.00 11:00:00 |    6.8   22.8    -4.5 |   31.1   44.0   25.6   -0.45  -79.5 | -107.4  -89.2   -8.12  -41.79 |    1.8    0.1   14.2   13.9 |   14.7    0.2    0.9    0.7 |   34.2  185.6    -60
2024-04-30   SHORT   17530.50  17505.00   25.50  17497.25 11:00:00 |   24.8    5.2    +0.0 |   32.0   52.8   28.9   -0.37  -65.0 |  -93.4  -75.7   -2.43  -48.43 |    1.7    0.2   19.1   18.9 |    8.1    0.2    0.6    0.7 |   26.1  186.6    -60
2024-05-02   LONG    17751.00  17618.00  133.00  17768.25 11:15:00 |    5.8   32.0   -18.8 |   27.6   33.2   70.8    0.63  111.8 |  125.4  -20.9    4.46   30.58 |    1.1    0.9   82.8   84.1 |   74.4    0.2    1.7   -0.2 |  158.2   41.9     64
2024-05-06   SHORT   18187.50  18183.00    4.50  18178.50 11:00:00 |    2.0   18.5   -14.5 |    9.3   27.8   57.6   -0.05   -9.5 |   18.8  -79.5   -1.97   11.21 |    0.4    0.5   53.9   66.2 |   72.2    0.1    1.0   -0.4 |   29.1   23.8     36
2024-05-08   LONG    18164.25  18152.75   11.50  18164.75 11:05:00 |   11.2    2.5    +0.8 |    9.9   18.2   46.9    0.02    4.5 |  -37.2  -62.5   -0.38   -4.61 |    0.3    0.4   21.9   16.9 |   20.8    0.1    0.4    0.6 |   23.8   31.9    -36
2024-05-13   SHORT   18292.00  18284.00    8.00  18283.50 11:05:00 |    9.5    5.0    +4.2 |    7.2   24.3   44.5   -0.03   -5.0 | -131.4  -84.3   -0.94   -0.82 |    0.1    0.1   17.8   17.0 |   49.5    0.0    0.3   -0.2 |   13.9   21.5     28
2024-05-15   LONG    18695.75  18683.50   12.25  18697.25 11:05:00 |   18.5    1.0   +14.5 |   10.7   20.0   58.5    0.08   15.8 |  117.2   -6.1   -0.13    4.17 |    0.1    0.9   81.2   72.0 |   51.4    0.1    0.4    0.9 |   31.6   24.9    -36
2024-05-16   LONG    18643.50  18633.00   10.50  18646.50 11:00:00 |   10.5    5.2    +3.0 |   11.7   32.2   42.5    0.03    6.0 |  -22.6  -75.3    1.30  -12.29 |    0.3    0.4   14.6   12.9 |    8.6    0.1    0.9   -0.0 |   31.4   35.8    -68
2024-05-20   LONG    18751.00  18744.50    6.50  18752.25 11:00:00 |    2.8    9.2    -6.5 |    9.4   13.9   50.4    0.06   11.8 |  -26.2  -61.0   -0.21   -2.51 |    0.2    0.5   29.0   25.1 |   73.8    0.1    0.8    0.6 |   30.3   31.3    -32
2024-05-22   LONG    18823.25  18765.75   57.50  18863.75 11:00:00 |    2.2   20.8    -7.2 |   38.0   24.8   63.9    0.38   72.0 |  174.7  -13.8    5.27   20.90 |    0.8    1.0   71.3   66.1 |   77.5    0.2    0.7    0.0 |  154.8   77.4      0
2024-05-28   SHORT   18950.50  18943.50    7.00  18938.00 11:00:00 |    1.2    5.0    -3.5 |   12.7   25.7   56.3   -0.03   -6.2 |   34.9  -45.9    0.05   14.05 |    0.6    0.6   71.6   76.6 |   84.0    0.1    1.0   -0.9 |   50.8   35.7     52
2024-06-05   SHORT   19091.00  19080.25   10.75  19079.00 11:00:00 |    3.8   26.5   -23.8 |   12.1   33.3   60.0    0.09   17.5 |   59.5  -33.7   -0.46   14.77 |    0.4    0.7   85.6   91.0 |   63.3    0.1    1.0   -0.3 |   44.2   30.6     56
2024-06-06   SHORT   19069.50  19063.00    6.50  19062.50 11:05:00 |    0.0   18.8   -13.5 |   10.8   11.0   49.4   -0.02   -4.8 |   23.4  -34.3   -0.13    1.16 |    0.1    0.5   70.6   69.7 |   44.0    0.1    0.5   -1.0 |   21.6   26.6      8
2024-06-13   SHORT   19614.25  19595.50   18.75  19594.50 11:00:00 |    0.5   20.8   -13.0 |   13.5   18.6   46.4   -0.10  -19.5 |  -86.8  -88.7   -2.19    2.10 |    0.1    0.1   24.0   22.2 |   23.7    0.1    0.6   -0.7 |   45.0   34.7     40
2024-06-27   SHORT   20072.00  20065.00    7.00  20062.50 11:00:00 |    0.8   27.0   -24.8 |   12.4   10.8   54.1   -0.04   -8.0 |   35.2  -21.7   -0.51    8.14 |    0.4    0.6   83.0   83.8 |   85.3    0.1    0.7   -0.7 |   33.2   35.1      8
2024-07-02   LONG    20246.00  20233.25   12.75  20248.00 11:30:00 |    4.0   14.2    -7.5 |    9.3   25.6   61.0    0.07   13.2 |   86.1  -13.5   -1.01    5.87 |    0.1    0.7   75.3   56.6 |   42.5    0.0    0.4    0.2 |   34.4   18.2      4
2024-07-09   LONG    20688.75  20684.25    4.50  20691.00 11:05:00 |   12.5    2.8    +9.0 |    8.5   18.5   63.4    0.05   11.2 |  106.2  -15.4    0.67    5.40 |    0.2    0.8   88.3   88.5 |   40.6    0.0    0.9    0.0 |   28.6   16.9     84
2024-07-15   LONG    20631.00  20616.75   14.25  20634.50 11:00:00 |   12.5    4.5    -2.0 |   18.0   13.1   59.7    0.14   29.0 |   98.2   -4.0    3.42    5.49 |    0.4    0.8   95.1   93.3 |   94.8    0.1    1.0    0.5 |   64.6   51.9    -28
2024-07-23   SHORT   19980.00  19942.00   38.00  19836.75 11:00:00 |   50.8   11.0   +34.2 |   32.5   13.6   29.7   -0.45  -90.5 | -357.6  -88.2   -6.62  -12.53 |    0.7   -0.4   40.7   52.9 |   50.5    0.2    1.1   -0.4 |   68.3  206.9    -48
2024-07-30   LONG    18898.25  18825.25   73.00  18955.25 11:00:00 |   42.5    8.5   +14.5 |   47.1   22.7   58.0    0.85  160.5 |   56.1  -17.6    9.32  -11.29 |    1.4    0.8   57.8   52.5 |   35.7    0.2    1.0    0.9 |  185.4  154.1    -12
2024-07-31   LONG    19604.00  19571.00   33.00  19628.00 11:00:00 |   16.5   25.0    +9.5 |   40.9   25.6   67.0    0.45   88.2 |  121.9  -10.3    4.30   28.36 |    0.9    1.0   74.3   69.1 |   80.6    0.2    1.0    1.0 |  163.5   59.7     32
2024-08-01   SHORT   18974.75  18868.50  106.25  18866.75 11:55:00 |   12.5   85.8   -46.8 |   41.2   15.9   40.2   -0.27  -51.2 | -141.4  -81.8   -4.09  -18.84 |    0.6    0.1   19.9   19.3 |   37.2    0.2    1.2    0.4 |   97.6  169.7   -100
2024-08-08   SHORT   18576.75  18554.75   22.00  18534.50 11:05:00 |    8.8   48.2   -45.8 |   30.3   22.3   51.2   -0.09  -17.0 |   25.2  -72.5   -1.66   18.61 |    0.9    0.5   59.8   70.9 |   58.6    0.2    0.6   -0.9 |   86.7   73.6     40
2024-08-13   LONG    19104.75  19087.25   17.50  19116.00 11:00:00 |    7.0   28.2    -6.5 |   17.3   14.1   62.7    0.00    0.0 |  106.1  -15.6   -0.87    9.38 |    0.4    0.8   63.8   55.5 |   78.3    0.1    1.6    0.3 |   64.1   38.7     80
2024-08-14   SHORT   19157.00  19138.50   18.50  19133.00 11:20:00 |   11.8   13.0    -2.0 |   15.4   17.5   53.9   -0.04   -8.0 |  -24.4  -78.5   -2.87   11.94 |    0.3    0.4   34.7   47.8 |   26.4    0.1    0.7   -0.0 |   42.6   48.9     48
2024-08-21   LONG    19923.75  19913.25   10.50  19932.00 11:10:00 |   12.0    7.0    -3.5 |   16.1   10.6   62.6    0.07   14.5 |  110.4   -3.8    1.09    9.80 |    0.3    0.8   87.9   83.8 |   70.3    0.1    0.5    0.6 |   46.4   34.4     88
2024-08-26   SHORT   19572.25  19548.00   24.25  19535.75 11:05:00 |   15.2   15.5    -9.0 |   19.3   17.2   38.4   -0.18  -34.8 | -146.1  -96.9   -1.98   -8.87 |    0.3   -0.1   16.7   20.8 |   45.3    0.1    1.1   -0.9 |   38.6   68.8   -100
2024-08-28   SHORT   19388.75  19273.50  115.25  19250.00 11:00:00 |  111.0   16.0   +75.8 |   58.5   27.7   36.5   -0.79 -153.2 | -158.3  -75.8  -13.00  -31.65 |    1.5    0.1   28.4   28.8 |   19.5    0.3    1.0    0.9 |   96.8  274.7    -56
2024-09-03   SHORT   18999.50  18970.25   29.25  18954.50 11:05:00 |    7.5   45.5    +0.2 |   25.9   37.1   33.5   -0.23  -43.5 | -114.0  -91.5    1.47  -21.08 |    0.4    0.1   28.2   42.5 |   37.6    0.1    1.2   -0.6 |   48.1  118.1    -32
2024-09-04   LONG    18968.75  18950.25   18.50  18978.75 11:00:00 |    6.5   17.2    -9.0 |   21.4   17.6   56.4    0.22   40.8 |  116.6  -26.1    3.93   -2.94 |    0.3    0.9   50.6   41.2 |   20.1    0.1    1.4    0.4 |   78.2   40.0     32
2024-09-05   SHORT   18936.25  18910.25   26.00  18909.00 11:25:00 |   17.8   17.0    +7.0 |   24.0   17.7   40.2   -0.03   -6.5 |  -85.8  -85.3   -1.22  -13.07 |    0.6    0.3   12.1   12.1 |   38.4    0.1    0.5    0.2 |   51.1   82.7     20
2024-09-11   SHORT   19256.00  19241.25   14.75  19234.50 11:00:00 |    2.2   15.5   -10.0 |   22.2   48.4   61.4   -0.05   -9.0 |    8.3  -90.1   -8.72   34.29 |    0.5    0.5   41.9   54.8 |   60.1    0.1    0.7   -0.3 |   91.5   47.7     44
2024-09-18   LONG    19661.75  19620.00   41.75  19673.75 11:15:00 |   14.0   19.2   -15.8 |   37.4   13.9   53.0    0.15   30.0 |  131.0   -7.3    6.70   -7.41 |    0.5    0.9   88.5   86.7 |   58.6    0.2    0.7    0.5 |  110.8   97.7    -16
2024-09-26   LONG    20354.75  20342.00   12.75  20360.50 11:05:00 |   21.5    9.0    +3.2 |   14.0   13.8   61.5    0.07   14.8 |  203.6  -19.5   -1.20    6.44 |    0.1    1.0   69.8   60.9 |   67.9    0.1    1.1    0.4 |   46.6   25.1    100
2024-10-01   SHORT   19975.25  19956.50   18.75  19936.25 11:00:00 |   32.8    9.8   +14.5 |   23.3   24.5   33.1   -0.25  -50.0 | -115.6  -98.5   -4.58  -13.49 |    0.4    0.0    7.2    7.2 |   56.9    0.1    1.5   -1.0 |   39.0   84.9   -100
2024-10-02   SHORT   20072.50  20046.25   26.25  20045.75 11:45:00 |   16.2   11.2    -6.5 |   11.6   11.3   47.9   -0.07  -13.5 |  -70.4  -79.3   -2.32    2.64 |    0.2    0.2   26.9   32.0 |   48.3    0.1    0.3   -0.3 |   31.5   38.5     32
2024-10-07   SHORT   20033.25  20012.75   20.50  20008.00 11:20:00 |  105.5    4.8   +22.5 |   15.7   17.0   41.6   -0.04   -9.0 |  -38.4  -89.9    2.22   -5.20 |    0.2    0.4   21.7   35.7 |   52.1    0.1    0.7   -0.4 |   39.9   53.1     64
2024-10-08   SHORT   20294.00  20282.50   11.50  20281.25 11:25:00 |   10.0   15.8    +4.2 |   11.2   25.5   49.4   -0.05   -9.2 |  -90.3  -88.2   -2.70    2.97 |    0.2    0.3   19.2   26.4 |   46.4    0.1    0.3   -0.4 |   32.4   24.2    -12
2024-10-10   SHORT   20441.50  20431.50   10.00  20428.00 11:00:00 |    2.8   24.5   -19.2 |   12.6   16.4   50.4    0.02    4.8 |   46.3  -55.1    0.76    3.96 |    0.2    0.5   66.9   78.5 |   58.3    0.1    1.0   -0.9 |   34.3   31.2     36
2024-10-15   SHORT   20343.00  20329.25   13.75  20314.25 11:00:00 |   -0.5   49.8   -44.2 |   19.3   11.8   43.1   -0.05  -10.5 |   -9.5  -83.8    1.43   -1.69 |    0.4    0.4   49.0   63.9 |   72.5    0.1    1.5   -0.6 |   43.3   69.7     20
2024-10-17   SHORT   20390.00  20381.75    8.25  20381.25 11:00:00 |    5.5   32.2   -23.2 |   16.6   30.9   43.7   -0.05  -10.5 |   -0.0  -53.9    1.70   -7.97 |    0.2    0.4   50.9   52.8 |   55.0    0.1    0.6   -0.5 |   33.4   46.5    -28
2024-10-21   SHORT   20547.50  20532.25   15.25  20531.50 11:00:00 |   16.5   11.0    +4.8 |   13.1   25.4   60.6    0.02    4.0 |   45.8  -37.4   -0.45   16.61 |    0.5    0.6   77.0   85.7 |   89.7    0.1    1.1   -0.5 |   45.4   36.5     84
2024-10-24   SHORT   20397.00  20374.25   22.75  20373.25 12:00:00 |   10.0   18.8   -13.5 |    9.3    8.1   43.3   -0.05  -10.0 | -113.0  -95.3   -1.49   -1.21 |    0.1    0.1   18.5   25.0 |   37.2    0.0    1.0   -0.7 |   23.4   31.2    -28
2024-10-29   LONG    20717.75  20702.00   15.75  20725.75 11:00:00 |   37.8   -0.2   +10.8 |   20.4   16.1   55.4   -0.12  -25.8 |   27.4  -43.9   -2.25    3.73 |    0.3    0.6   44.7   38.5 |   49.8    0.1    0.6    0.0 |   74.9   52.2      4
2024-10-31   LONG    20100.50  20012.50   88.00  20101.50 11:30:00 |   10.2   36.0   -20.8 |   26.7   13.6   59.3    0.34   67.5 |  139.1   -0.8    5.16    6.54 |    0.4    1.0   84.9   78.7 |   42.5    0.1    0.4    0.9 |   92.5   60.9     -8

2024 INDICATOR MIN/MAX AT BREAKOUT (58 breakout days out of 293 total):
  These are the min and max values each indicator had when a breakout occurred.
  Indicator              |          MIN |          MAX |         MEAN |       MEDIAN
  --------------------------------------------------------------------------------
  ATR (14)               |       6.5740 |      58.5398 |      19.3155 |      16.4727
  ADX (14)               |       8.0617 |      52.8280 |      22.7217 |      20.4351
  RSI (14)               |      25.5567 |      70.8131 |      50.1120 |      50.6071
  ROC (10)               |      -0.7898 |       0.8540 |      -0.0030 |      -0.0337
  Momentum (10)          |    -153.2500 |     160.5000 |      -0.6767 |      -6.3750
  MACD                   |     -48.4305 |      36.0619 |       0.4368 |       1.6301
  MACD Histogram         |     -13.0007 |       9.3195 |      -0.2772 |      -0.4138
  MACD Signal            |     -46.0018 |      43.0048 |       0.7140 |       1.5284
  CCI (20)               |    -357.5791 |     203.5994 |       1.2457 |      18.9151
  Williams %R (14)       |     -98.4802 |      -0.8357 |     -53.7859 |     -56.1763
  BB Width %             |       0.0897 |       1.7817 |       0.4576 |       0.3697
  BB %B                  |      -0.3690 |       1.0507 |       0.4880 |       0.4921
  Stoch %K               |       7.1990 |      95.0708 |      50.5903 |      49.8170
  Stoch %D               |       7.1865 |      93.5799 |      52.1675 |      53.8833
  MFI (14)               |       8.0795 |      94.7834 |      51.7088 |      49.6259
  NATR (14)              |       0.0360 |       0.3041 |       0.1014 |       0.0843
  Volume Ratio           |       0.3063 |       3.1502 |       0.8919 |       0.8917
  CLV                    |      -1.0000 |       0.9568 |      -0.0992 |      -0.2246
  DM+                    |      12.0901 |     185.4124 |      55.0890 |      43.7569
  DM-                    |      16.8557 |     274.6571 |      60.4252 |      41.6499
  Aroon Up               |       0.0000 |     100.0000 |      44.8966 |      44.0000
  Aroon Down             |       0.0000 |     100.0000 |      40.6207 |      32.0000
  Aroon Osc              |    -100.0000 |     100.0000 |       4.2759 |       4.0000
  Range Width (pts)      |       4.0000 |     133.0000 |      24.5172 |      15.5000
  Range Width (%)        |       0.0218 |       0.7521 |       0.1291 |       0.0763

2024 BREAKOUT MAGNITUDE (how far price moved after breakout):
  Metric                 |        MIN |        MAX |        AVG |     MEDIAN
  ------------------------------------------------------------------------
  MFE (60 min)           |      -0.50 |     111.00 |      15.01 |      10.12
  MAE (60 min)           |      -0.25 |      85.75 |      17.32 |      14.88
  MFE (30 min)           |      -0.50 |     105.50 |      11.49 |       7.00
  MAE (30 min)           |      -0.25 |      77.75 |      13.18 |       9.00
  End Excursion          |     -46.75 |      75.75 |      -3.55 |      -4.00
  MFE / Range            |      -0.04 |       5.15 |       0.82 |       0.54


================================================================================================================================================================
OVERALL MIN/MAX -- ALL 289 BREAKOUTS ACROSS 2020-2024 (289 out of 1460 trading days = 19.8%)
================================================================================================================================================================

  Indicator              |          MIN |          MAX |         MEAN |       MEDIAN
  --------------------------------------------------------------------------------
  ATR (14)               |       4.0107 |      58.5398 |      16.6922 |      14.0629
  ADX (14)               |       6.1534 |      73.8395 |      25.0653 |      22.0356
  RSI (14)               |      19.2276 |      76.6225 |      50.4208 |      50.4462
  ROC (10)               |      -1.7922 |       1.1568 |       0.0030 |       0.0000
  Momentum (10)          |    -216.0000 |     160.5000 |       0.1211 |       0.0000
  MACD                   |     -74.0823 |      62.7815 |      -1.1936 |       0.3439
  MACD Histogram         |     -15.9351 |      11.1800 |      -0.0136 |      -0.0650
  MACD Signal            |     -70.4477 |      67.8070 |      -1.1799 |       0.8158
  CCI (20)               |    -357.5791 |     285.3047 |       1.6495 |       5.8391
  Williams %R (14)       |     -99.7079 |      -0.5682 |     -47.5117 |     -45.3488
  BB Width %             |       0.0442 |       5.4063 |       0.6118 |       0.4269
  BB %B                  |      -0.3779 |       1.3408 |       0.5024 |       0.4987
  Stoch %K               |       4.2736 |      95.6617 |      53.6238 |      54.6159
  Stoch %D               |       6.8552 |      95.5923 |      53.9619 |      54.8346
  MFI (14)               |       3.5765 |      98.3357 |      52.2659 |      50.5518
  NATR (14)              |       0.0275 |       0.7941 |       0.1322 |       0.1001
  Volume Ratio           |       0.1779 |       5.2950 |       0.9182 |       0.7731
  CLV                    |      -1.0000 |       1.0000 |      -0.0297 |       0.0000
  DM+                    |       6.1014 |     257.5615 |      46.5491 |      36.5047
  DM-                    |       8.6134 |     274.6571 |      52.2339 |      40.0378
  Aroon Up               |       0.0000 |     100.0000 |      40.9412 |      36.0000
  Aroon Down             |       0.0000 |     100.0000 |      42.1592 |      40.0000
  Aroon Osc              |    -100.0000 |     100.0000 |      -1.2180 |     -12.0000
  Range Width (pts)      |       3.2500 |     197.7500 |      20.0597 |      13.2500
  Range Width (%)        |       0.0211 |       1.7939 |       0.1601 |       0.0977

  Overall Breakout Magnitude:
  Metric                 |        MIN |        MAX |        AVG |     MEDIAN
  ------------------------------------------------------------------------
  MFE (60 min)           |      -0.50 |     140.25 |      14.41 |       9.00
  MAE (60 min)           |      -0.75 |     176.00 |      15.71 |      11.75
  End Excursion          |    -175.75 |      75.75 |      -1.94 |      -2.25
  MFE / Range            |      -0.10 |       6.65 |       0.89 |       0.62


================================================================================================================================================================
HOW EACH INDICATOR RELATES TO BREAKOUT DISTANCE
Pearson r: positive = higher indicator value correlates with bigger breakout movement
================================================================================================================================================================

  Indicator              |   r vs MFE |  r vs EndExc | Strength        | Meaning                                                     
  -----------------------------------------------------------------------------------------------------------------------------
  ATR (14)               |    +0.5122 |      -0.0077 | STRONG          | Higher ATR (14) -> price travels further after breakout
  ADX (14)               |    +0.0597 |      +0.0197 | NONE            | No meaningful relationship to breakout distance
  RSI (14)               |    -0.1391 |      +0.0457 | WEAK            | Lower RSI (14) -> price travels further after breakout
  ROC (10)               |    -0.0657 |      +0.1498 | NONE            | No meaningful relationship to breakout distance
  Momentum (10)          |    -0.1043 |      +0.0825 | WEAK            | Lower Momentum (10) -> price travels further after breakout
  MACD                   |    -0.2709 |      -0.0116 | MODERATE        | Lower MACD -> price travels further after breakout
  MACD Histogram         |    -0.0329 |      +0.1091 | NONE            | No meaningful relationship to breakout distance
  MACD Signal            |    -0.2526 |      -0.0331 | MODERATE        | Lower MACD Signal -> price travels further after breakout
  CCI (20)               |    -0.0967 |      +0.0372 | NONE            | No meaningful relationship to breakout distance
  Williams %R (14)       |    -0.0465 |      +0.0818 | NONE            | No meaningful relationship to breakout distance
  BB Width %             |    +0.3650 |      -0.1496 | STRONG          | Higher BB Width % -> price travels further after breakout
  BB %B                  |    -0.0816 |      +0.0472 | NONE            | No meaningful relationship to breakout distance
  Stoch %K               |    -0.1325 |      -0.0064 | WEAK            | Lower Stoch %K -> price travels further after breakout
  Stoch %D               |    -0.1305 |      -0.0340 | WEAK            | Lower Stoch %D -> price travels further after breakout
  MFI (14)               |    -0.1244 |      -0.0173 | WEAK            | Lower MFI (14) -> price travels further after breakout
  NATR (14)              |    +0.4640 |      -0.0946 | STRONG          | Higher NATR (14) -> price travels further after breakout
  Volume Ratio           |    +0.1051 |      +0.0436 | WEAK            | Higher Volume Ratio -> price travels further after breakout
  CLV                    |    +0.1189 |      +0.1518 | WEAK            | Higher CLV -> price travels further after breakout
  DM+                    |    +0.3342 |      +0.0450 | STRONG          | Higher DM+ -> price travels further after breakout
  DM-                    |    +0.4805 |      -0.0359 | STRONG          | Higher DM- -> price travels further after breakout
  Aroon Up               |    +0.0358 |      +0.0229 | NONE            | No meaningful relationship to breakout distance
  Aroon Down             |    +0.1794 |      +0.0267 | MODERATE        | Higher Aroon Down -> price travels further after breakout
  Aroon Osc              |    -0.0791 |      -0.0010 | NONE            | No meaningful relationship to breakout distance
  Range Width (pts)      |    +0.4689 |      +0.0543 | STRONG          | Higher Range Width (pts) -> price travels further after breakout
  Range Width (%)        |    +0.4713 |      -0.0055 | STRONG          | Higher Range Width (%) -> price travels further after breakout

  Ranked by strength:
    1. ATR (14)               r = +0.5122  (higher = further)
    2. DM-                    r = +0.4805  (higher = further)
    3. Range Width (%)        r = +0.4713  (higher = further)
    4. Range Width (pts)      r = +0.4689  (higher = further)
    5. NATR (14)              r = +0.4640  (higher = further)
    6. BB Width %             r = +0.3650  (higher = further)
    7. DM+                    r = +0.3342  (higher = further)
    8. MACD                   r = -0.2709  (lower = further)
    9. MACD Signal            r = -0.2526  (lower = further)
   10. Aroon Down             r = +0.1794  (higher = further)
   11. RSI (14)               r = -0.1391  (lower = further)
   12. Stoch %K               r = -0.1325  (lower = further)
   13. Stoch %D               r = -0.1305  (lower = further)
   14. MFI (14)               r = -0.1244  (lower = further)
   15. CLV                    r = +0.1189  (higher = further)
   16. Volume Ratio           r = +0.1051  (higher = further)
   17. Momentum (10)          r = -0.1043  (lower = further)
   18. CCI (20)               r = -0.0967  (lower = further)
   19. BB %B                  r = -0.0816  (lower = further)
   20. Aroon Osc              r = -0.0791  (lower = further)
   21. ROC (10)               r = -0.0657  (lower = further)
   22. ADX (14)               r = +0.0597  (higher = further)
   23. Williams %R (14)       r = -0.0465  (lower = further)
   24. Aroon Up               r = +0.0358  (higher = further)
   25. MACD Histogram         r = -0.0329  (lower = further)


================================================================================================================================================================
CORRELATION BY SIDE -- LONG vs SHORT (r vs MFE)
Indicators that show OPPOSITE correlation by side are directionally confirming signals.
================================================================================================================================================================

  Indicator              |    ALL r |   LONG r (n=143) |  SHORT r (n=146) | Signal                                  
  ------------------------------------------------------------------------------------------------------------------------
  ATR (14)               |  +0.5122 |  +0.5235       |  +0.4988       | STRONG both sides
  ADX (14)               |  +0.0597 |  +0.0375       |  +0.0836       | 
  RSI (14)               |  -0.1391 |  -0.0356       |  -0.3294       | Stronger for SHORT
  ROC (10)               |  -0.0657 |  +0.2138       |  -0.3223       | OPPOSITE -- directionally confirming
  Momentum (10)          |  -0.1043 |  +0.1592       |  -0.3873       | OPPOSITE -- directionally confirming
  MACD                   |  -0.2709 |  -0.2218       |  -0.3169       | 
  MACD Histogram         |  -0.0329 |  +0.0934       |  -0.1769       | OPPOSITE -- directionally confirming
  MACD Signal            |  -0.2526 |  -0.2233       |  -0.2753       | 
  CCI (20)               |  -0.0967 |  -0.0134       |  -0.2960       | Stronger for SHORT
  Williams %R (14)       |  -0.0465 |  -0.0844       |  -0.1489       | 
  BB Width %             |  +0.3650 |  +0.4469       |  +0.2829       | 
  BB %B                  |  -0.0816 |  -0.0296       |  -0.2842       | Stronger for SHORT
  Stoch %K               |  -0.1325 |  -0.1415       |  -0.1912       | 
  Stoch %D               |  -0.1305 |  -0.1124       |  -0.1724       | 
  MFI (14)               |  -0.1244 |  -0.0877       |  -0.1744       | 
  NATR (14)              |  +0.4640 |  +0.5102       |  +0.4115       | STRONG both sides
  Volume Ratio           |  +0.1051 |  +0.0740       |  +0.1324       | 
  CLV                    |  +0.1189 |  -0.0025       |  +0.2390       | OPPOSITE -- directionally confirming
  DM+                    |  +0.3342 |  +0.4333       |  +0.2037       | Stronger for LONG
  DM-                    |  +0.4805 |  +0.5161       |  +0.4924       | STRONG both sides
  Aroon Up               |  +0.0358 |  +0.0231       |  +0.0405       | 
  Aroon Down             |  +0.1794 |  +0.0763       |  +0.2689       | 
  Aroon Osc              |  -0.0791 |  -0.0172       |  -0.1591       | 
  Range Width (pts)      |  +0.4689 |  +0.4353       |  +0.5086       | STRONG both sides
  Range Width (%)        |  +0.4713 |  +0.5061       |  +0.4320       | STRONG both sides

  Indicator              |    ALL r |   LONG r       |  SHORT r       | Signal                                  
  ------------------------------------------------------------------------------------------------------------------------
  (r vs End Excursion -- positive = price stayed in breakout direction after 60 min)
  ATR (14)               |  -0.0077 |  +0.1522       |  -0.1486       | OPPOSITE by side
  ADX (14)               |  +0.0197 |  +0.0141       |  +0.0352       | 
  RSI (14)               |  +0.0457 |  -0.0360       |  -0.0436       | 
  ROC (10)               |  +0.1498 |  -0.1083       |  +0.1824       | OPPOSITE by side
  Momentum (10)          |  +0.0825 |  -0.0899       |  +0.0504       | OPPOSITE by side
  MACD                   |  -0.0116 |  -0.1033       |  +0.0370       | OPPOSITE by side
  MACD Histogram         |  +0.1091 |  +0.0240       |  +0.0666       | 
  MACD Signal            |  -0.0331 |  -0.1007       |  +0.0233       | OPPOSITE by side
  CCI (20)               |  +0.0372 |  -0.0087       |  -0.1278       | 
  Williams %R (14)       |  +0.0818 |  -0.0793       |  -0.0227       | 
  BB Width %             |  -0.1496 |  +0.0787       |  -0.3304       | OPPOSITE by side
  BB %B                  |  +0.0472 |  -0.0450       |  -0.1202       | 
  Stoch %K               |  -0.0064 |  -0.1055       |  -0.0609       | 
  Stoch %D               |  -0.0340 |  -0.0815       |  -0.0600       | 
  MFI (14)               |  -0.0173 |  -0.0381       |  -0.0395       | 
  NATR (14)              |  -0.0946 |  +0.1243       |  -0.3098       | OPPOSITE by side
  Volume Ratio           |  +0.0436 |  +0.0826       |  +0.0179       | 
  CLV                    |  +0.1518 |  -0.1210       |  +0.1686       | OPPOSITE by side
  DM+                    |  +0.0450 |  +0.1648       |  -0.1897       | OPPOSITE by side
  DM-                    |  -0.0359 |  +0.1751       |  -0.1034       | OPPOSITE by side
  Aroon Up               |  +0.0229 |  +0.0137       |  -0.0065       | OPPOSITE by side
  Aroon Down             |  +0.0267 |  +0.1104       |  +0.0257       | 
  Aroon Osc              |  -0.0010 |  -0.0387       |  -0.0206       | 
  Range Width (pts)      |  +0.0543 |  +0.1273       |  -0.0251       | OPPOSITE by side
  Range Width (%)        |  -0.0055 |  +0.1585       |  -0.1585       | OPPOSITE by side


================================================================================================================================================================
INDICATOR BUCKETS vs BREAKOUT DISTANCE
Each indicator split into 5 equal groups (quintiles). Shows avg MFE per group.
================================================================================================================================================================

  ATR (14):
  Value Range                              |    N |  Avg MFE |  Avg MAE | Avg EndExc | Avg MFE/Rng
  -----------------------------------------------------------------------------------------------
  (4.01, 9.695]                            |   58 |      8.7 |      8.4 |       -0.5 |        0.89
  (9.695, 12.419]                          |   58 |      8.5 |     13.3 |       -3.2 |        0.86
  (12.419, 15.965]                         |   57 |     13.0 |     13.3 |       -0.4 |        1.05
  (15.965, 22.039]                         |   58 |     15.7 |     16.9 |       -2.8 |        0.98
  (22.039, 58.54]                          |   58 |     26.1 |     26.6 |       -2.9 |        0.68

  ADX (14):
  Value Range                              |    N |  Avg MFE |  Avg MAE | Avg EndExc | Avg MFE/Rng
  -----------------------------------------------------------------------------------------------
  (6.151999999999999, 14.241]              |   58 |     13.5 |     14.3 |       -3.7 |        0.86
  (14.241, 19.251]                         |   58 |     15.9 |     13.9 |       +1.7 |        0.98
  (19.251, 25.312]                         |   57 |     11.5 |     15.8 |       -3.1 |        0.84
  (25.312, 33.099]                         |   58 |     16.6 |     16.4 |       -1.7 |        1.00
  (33.099, 73.84]                          |   58 |     14.5 |     18.2 |       -2.8 |        0.78

  RSI (14):
  Value Range                              |    N |  Avg MFE |  Avg MAE | Avg EndExc | Avg MFE/Rng
  -----------------------------------------------------------------------------------------------
  (19.227, 40.478]                         |   58 |     19.4 |     22.2 |       -3.6 |        0.92
  (40.478, 47.474]                         |   58 |     14.7 |     15.1 |       -1.5 |        0.90
  (47.474, 53.402]                         |   57 |     11.9 |     14.8 |       -2.5 |        0.80
  (53.402, 60.545]                         |   58 |     13.5 |     10.5 |       -0.1 |        0.87
  (60.545, 76.623]                         |   58 |     12.4 |     15.9 |       -2.1 |        0.97

  ROC (10):
  Value Range                              |    N |  Avg MFE |  Avg MAE | Avg EndExc | Avg MFE/Rng
  -----------------------------------------------------------------------------------------------
  (-1.793, -0.0932]                        |   58 |     21.7 |     22.4 |       -1.3 |        0.98
  (-0.0932, -0.0295]                       |   58 |     10.5 |     16.1 |       -6.9 |        0.82
  (-0.0295, 0.0327]                        |   57 |      7.7 |     10.9 |       -2.8 |        0.83
  (0.0327, 0.134]                          |   58 |     15.1 |     11.4 |       +3.2 |        1.13
  (0.134, 1.157]                           |   58 |     16.9 |     17.7 |       -2.0 |        0.70

  Momentum (10):
  Value Range                              |    N |  Avg MFE |  Avg MAE | Avg EndExc | Avg MFE/Rng
  -----------------------------------------------------------------------------------------------
  (-216.001, -12.75]                       |   59 |     21.1 |     22.6 |       -3.1 |        0.97
  (-12.75, -4.45]                          |   57 |     10.6 |     14.5 |       -3.6 |        0.83
  (-4.45, 4.95]                            |   57 |      8.1 |     12.1 |       -4.2 |        0.84
  (4.95, 17.0]                             |   59 |     15.0 |     12.1 |       +2.4 |        1.12
  (17.0, 160.5]                            |   57 |     17.0 |     17.0 |       -1.3 |        0.68

  MACD:
  Value Range                              |    N |  Avg MFE |  Avg MAE | Avg EndExc | Avg MFE/Rng
  -----------------------------------------------------------------------------------------------
  (-74.083, -11.003]                       |   58 |     23.1 |     21.1 |       +0.0 |        0.80
  (-11.003, -2.486]                        |   58 |     14.7 |     16.8 |       -3.7 |        1.00
  (-2.486, 2.528]                          |   57 |      8.1 |     11.8 |       -2.9 |        0.73
  (2.528, 9.011]                           |   58 |     14.4 |     12.8 |       +0.3 |        1.09
  (9.011, 62.781]                          |   58 |     11.7 |     16.0 |       -3.5 |        0.84

  MACD Histogram:
  Value Range                              |    N |  Avg MFE |  Avg MAE | Avg EndExc | Avg MFE/Rng
  -----------------------------------------------------------------------------------------------
  (-15.936, -2.015]                        |   58 |     16.2 |     21.9 |       -5.5 |        0.84
  (-2.015, -0.628]                         |   58 |     11.3 |     15.3 |       -2.5 |        0.92
  (-0.628, 0.554]                          |   57 |     15.4 |     12.6 |       -0.5 |        1.06
  (0.554, 2.241]                           |   58 |     13.0 |     13.1 |       -0.8 |        0.86
  (2.241, 11.18]                           |   58 |     16.2 |     15.6 |       -0.4 |        0.78

  MACD Signal:
  Value Range                              |    N |  Avg MFE |  Avg MAE | Avg EndExc | Avg MFE/Rng
  -----------------------------------------------------------------------------------------------
  (-70.449, -11.614]                       |   58 |     21.9 |     21.8 |       -1.9 |        0.76
  (-11.614, -2.579]                        |   58 |     15.6 |     14.6 |       -0.7 |        1.07
  (-2.579, 3.243]                          |   57 |      7.8 |     13.3 |       -4.5 |        0.62
  (3.243, 9.441]                           |   58 |     14.8 |     11.7 |       +2.4 |        1.10
  (9.441, 67.807]                          |   58 |     11.8 |     17.2 |       -5.0 |        0.91

  CCI (20):
  Value Range                              |    N |  Avg MFE |  Avg MAE | Avg EndExc | Avg MFE/Rng
  -----------------------------------------------------------------------------------------------
  (-357.58, -89.512]                       |   58 |     18.9 |     21.5 |       -3.0 |        0.87
  (-89.512, -22.306]                       |   58 |     14.2 |     15.4 |       -2.2 |        0.87
  (-22.306, 35.172]                        |   57 |     12.5 |     14.3 |       -2.7 |        0.91
  (35.172, 94.633]                         |   58 |     10.7 |     12.7 |       -1.9 |        0.89
  (94.633, 285.305]                        |   58 |     15.7 |     14.6 |       +0.0 |        0.93

  Williams %R (14):
  Value Range                              |    N |  Avg MFE |  Avg MAE | Avg EndExc | Avg MFE/Rng
  -----------------------------------------------------------------------------------------------
  (-99.709, -83.512]                       |   58 |     16.4 |     21.5 |       -5.7 |        0.88
  (-83.512, -57.384]                       |   58 |     14.3 |     16.4 |       -2.0 |        0.79
  (-57.384, -32.29]                        |   57 |     13.6 |     14.0 |       -2.1 |        0.90
  (-32.29, -13.423]                        |   58 |     13.7 |     13.1 |       +1.7 |        0.92
  (-13.423, -0.568]                        |   58 |     13.9 |     13.5 |       -1.7 |        0.97

  BB Width %:
  Value Range                              |    N |  Avg MFE |  Avg MAE | Avg EndExc | Avg MFE/Rng
  -----------------------------------------------------------------------------------------------
  (0.0432, 0.219]                          |   58 |     10.2 |     10.7 |       -1.9 |        0.87
  (0.219, 0.343]                           |   58 |     11.7 |     12.4 |       -1.5 |        1.06
  (0.343, 0.498]                           |   57 |     11.1 |     17.0 |       -3.3 |        0.82
  (0.498, 0.756]                           |   58 |     15.8 |     14.6 |       +1.6 |        0.94
  (0.756, 5.406]                           |   58 |     23.3 |     24.0 |       -4.6 |        0.76

  BB %B:
  Value Range                              |    N |  Avg MFE |  Avg MAE | Avg EndExc | Avg MFE/Rng
  -----------------------------------------------------------------------------------------------
  (-0.379, 0.191]                          |   58 |     18.1 |     21.7 |       -3.9 |        0.82
  (0.191, 0.435]                           |   58 |     15.0 |     15.6 |       -1.7 |        0.94
  (0.435, 0.604]                           |   57 |     11.7 |     13.4 |       -2.7 |        0.80
  (0.604, 0.815]                           |   58 |     12.3 |     13.2 |       -0.4 |        1.10
  (0.815, 1.341]                           |   58 |     15.0 |     14.6 |       -1.1 |        0.80

  Stoch %K:
  Value Range                              |    N |  Avg MFE |  Avg MAE | Avg EndExc | Avg MFE/Rng
  -----------------------------------------------------------------------------------------------
  (4.273, 24.14]                           |   58 |     18.4 |     20.6 |       -3.9 |        0.88
  (24.14, 45.17]                           |   58 |     15.3 |     15.9 |       +0.5 |        0.86
  (45.17, 64.758]                          |   57 |     13.3 |     14.4 |       -2.0 |        0.79
  (64.758, 82.243]                         |   58 |     14.0 |     12.5 |       +0.3 |        1.01
  (82.243, 95.662]                         |   58 |     11.1 |     15.1 |       -4.6 |        0.91

  Stoch %D:
  Value Range                              |    N |  Avg MFE |  Avg MAE | Avg EndExc | Avg MFE/Rng
  -----------------------------------------------------------------------------------------------
  (6.854, 25.345]                          |   58 |     15.1 |     21.2 |       -5.4 |        0.74
  (25.345, 44.678]                         |   58 |     19.8 |     14.5 |       +4.1 |        1.05
  (44.678, 64.083]                         |   57 |     12.4 |     14.3 |       -1.7 |        0.75
  (64.083, 83.01]                          |   58 |     11.9 |     14.3 |       -3.1 |        0.90
  (83.01, 95.592]                          |   58 |     12.7 |     14.3 |       -3.5 |        1.01

  MFI (14):
  Value Range                              |    N |  Avg MFE |  Avg MAE | Avg EndExc | Avg MFE/Rng
  -----------------------------------------------------------------------------------------------
  (3.575, 27.704]                          |   58 |     19.1 |     20.6 |       -2.3 |        0.84
  (27.704, 43.563]                         |   58 |     13.6 |     15.7 |       -0.0 |        0.87
  (43.563, 57.568]                         |   57 |     16.2 |     12.5 |       +0.6 |        1.02
  (57.568, 78.989]                         |   58 |     10.1 |     17.7 |       -6.8 |        0.77
  (78.989, 98.336]                         |   58 |     13.0 |     12.0 |       -1.1 |        0.97

  NATR (14):
  Value Range                              |    N |  Avg MFE |  Avg MAE | Avg EndExc | Avg MFE/Rng
  -----------------------------------------------------------------------------------------------
  (0.0265, 0.063]                          |   58 |      8.9 |      9.0 |       -1.2 |        0.91
  (0.063, 0.0861]                          |   58 |      9.6 |     11.9 |       -1.9 |        0.88
  (0.0861, 0.123]                          |   57 |     11.0 |     14.4 |       -3.2 |        0.88
  (0.123, 0.183]                           |   58 |     15.5 |     17.4 |       -0.4 |        0.97
  (0.183, 0.794]                           |   58 |     27.0 |     25.8 |       -3.0 |        0.82

  Volume Ratio:
  Value Range                              |    N |  Avg MFE |  Avg MAE | Avg EndExc | Avg MFE/Rng
  -----------------------------------------------------------------------------------------------
  (0.177, 0.461]                           |   58 |     11.8 |     18.7 |       -6.9 |        0.86
  (0.461, 0.668]                           |   58 |     12.4 |     14.1 |       -3.9 |        0.70
  (0.668, 0.948]                           |   57 |     15.6 |     13.2 |       -0.5 |        0.80
  (0.948, 1.198]                           |   58 |     16.6 |     15.8 |       +1.3 |        1.04
  (1.198, 5.295]                           |   58 |     15.7 |     16.7 |       +0.2 |        1.06

  CLV:
  Value Range                              |    N |  Avg MFE |  Avg MAE | Avg EndExc | Avg MFE/Rng
  -----------------------------------------------------------------------------------------------
  (-1.001, -0.663]                         |   58 |     12.7 |     18.7 |       -4.4 |        0.87
  (-0.663, -0.292]                         |   58 |     10.8 |     20.0 |      -10.1 |        0.72
  (-0.292, 0.162]                          |   57 |     15.8 |     10.9 |       +3.7 |        0.96
  (0.162, 0.634]                           |   58 |     16.4 |     13.8 |       +0.1 |        1.06
  (0.634, 1.0]                             |   58 |     16.4 |     15.1 |       +1.1 |        0.85

  DM+:
  Value Range                              |    N |  Avg MFE |  Avg MAE | Avg EndExc | Avg MFE/Rng
  -----------------------------------------------------------------------------------------------
  (6.1, 23.814]                            |   58 |     10.0 |     10.8 |       -1.3 |        0.82
  (23.814, 32.584]                         |   58 |     12.8 |     11.6 |       +1.8 |        1.07
  (32.584, 44.108]                         |   57 |     12.0 |     16.1 |       -4.5 |        0.96
  (44.108, 63.216]                         |   58 |     13.5 |     16.1 |       -1.9 |        0.98
  (63.216, 257.561]                        |   58 |     23.7 |     24.0 |       -3.7 |        0.63

  DM-:
  Value Range                              |    N |  Avg MFE |  Avg MAE | Avg EndExc | Avg MFE/Rng
  -----------------------------------------------------------------------------------------------
  (8.612, 24.138]                          |   58 |      8.6 |      8.7 |       +0.2 |        0.99
  (24.138, 35.519]                         |   58 |      9.8 |     11.6 |       -2.4 |        0.91
  (35.519, 47.62]                          |   57 |     10.3 |     16.1 |       -4.9 |        0.81
  (47.62, 69.218]                          |   58 |     14.3 |     19.1 |       -4.0 |        0.83
  (69.218, 274.657]                        |   58 |     29.0 |     23.1 |       +1.4 |        0.91

  Aroon Up:
  Value Range                              |    N |  Avg MFE |  Avg MAE | Avg EndExc | Avg MFE/Rng
  -----------------------------------------------------------------------------------------------
  (-0.001, 8.0]                            |   74 |     14.6 |     14.4 |       -0.5 |        0.84
  (8.0, 24.0]                              |   48 |     12.7 |     18.1 |       -5.0 |        0.77
  (24.0, 48.0]                             |   62 |     13.7 |     13.3 |       -0.5 |        0.81
  (48.0, 77.6]                             |   47 |     13.8 |     20.1 |       -6.9 |        0.84
  (77.6, 100.0]                            |   58 |     16.8 |     14.5 |       +1.2 |        1.19

  Aroon Down:
  Value Range                              |    N |  Avg MFE |  Avg MAE | Avg EndExc | Avg MFE/Rng
  -----------------------------------------------------------------------------------------------
  (-0.001, 8.0]                            |   61 |     13.0 |     14.5 |       -1.2 |        1.03
  (8.0, 32.0]                              |   66 |     12.4 |     15.1 |       -4.0 |        0.88
  (32.0, 47.2]                             |   46 |     12.3 |     15.7 |       -2.8 |        0.76
  (47.2, 69.6]                             |   58 |     12.3 |     14.8 |       -1.6 |        0.84
  (69.6, 100.0]                            |   58 |     21.9 |     18.4 |       -0.0 |        0.92

  Aroon Osc:
  Value Range                              |    N |  Avg MFE |  Avg MAE | Avg EndExc | Avg MFE/Rng
  -----------------------------------------------------------------------------------------------
  (-100.001, -49.6]                        |   58 |     19.3 |     15.1 |       +2.5 |        0.89
  (-49.6, -28.0]                           |   62 |     14.0 |     19.3 |       -5.4 |        0.86
  (-28.0, 19.2]                            |   53 |      9.7 |     13.7 |       -5.1 |        0.64
  (19.2, 56.0]                             |   59 |     14.2 |     15.1 |       -0.0 |        0.95
  (56.0, 100.0]                            |   57 |     14.5 |     14.9 |       -1.8 |        1.11

  Range Width (pts):
  Value Range                              |    N |  Avg MFE |  Avg MAE | Avg EndExc | Avg MFE/Rng
  -----------------------------------------------------------------------------------------------
  (3.249, 7.75]                            |   62 |      6.8 |     11.1 |       -3.7 |        1.17
  (7.75, 11.3]                             |   54 |      9.3 |     12.5 |       -2.3 |        0.98
  (11.3, 16.2]                             |   57 |     11.5 |     13.8 |       -1.2 |        0.85
  (16.2, 25.1]                             |   58 |     17.1 |     16.7 |       -2.1 |        0.85
  (25.1, 197.75]                           |   58 |     27.5 |     24.6 |       -0.3 |        0.60

  Range Width (%):
  Value Range                              |    N |  Avg MFE |  Avg MAE | Avg EndExc | Avg MFE/Rng
  -----------------------------------------------------------------------------------------------
  (0.0201, 0.0527]                         |   58 |      6.1 |     11.2 |       -4.0 |        1.07
  (0.0527, 0.0804]                         |   58 |     10.1 |     13.2 |       -3.6 |        1.05
  (0.0804, 0.116]                          |   57 |     12.2 |     12.4 |       -0.5 |        0.88
  (0.116, 0.218]                           |   58 |     17.6 |     15.8 |       +0.7 |        0.89
  (0.218, 1.794]                           |   58 |     26.1 |     25.8 |       -2.4 |        0.57

================================================================================================================================================================
END OF REPORT
================================================================================================================================================================
